"ID";"DataNascimento";"Sexo";"TempodeServiço";"EstadoCivil";"NumerodeFilhos";"TempodeResidencia";"Conta";"salario";"data_atual";"faixa_salario";"default";"default1";"QtdaParcelas";"Atraso";"ValorEmprestimo";"QtdaPagas";"comprometido_de_renda"
"1";"1952/02/03 00:00:00";"Masculino";"98";"3";"0";"7";"Particular";"5700,0";"2021-11-14";"C";"Adimplente";"0";"19";"Sim";"665";"6";"0,1166666666666667"
"2";"1958/05/23 00:00:00";"Masculino";"98";"3";"0";"43";"Particular";"4020,0";"2021-11-14";"B";"Adimplente";"0";"33";"Não";"950";"11";"0,2363184079601990"
"3";"1929/07/26 00:00:00";"Feminino";"98";"1";"0";"7";"empresa";"2145,0";"2021-11-14";"A";"Adimplente";"0";"20";"Não";"700";"6";"0,3263403263403263"
"4";"1947/04/15 00:00:00";"Feminino";"98";"1";"0";"13";"empresa";"2190,0";"2021-11-14";"A";"Adimplente";"0";"21";"Sim";"735";"7";"0,3356164383561644"
"5";"1955/02/09 00:00:00";"Masculino";"98";"2";"3";"8";"Particular";"4500,0";"2021-11-14";"B";"Adimplente";"0";"18";"Sim";"630";"6";"0,1400000000000000"
"6";"1958/08/22 00:00:00";"Masculino";"98";"2";"0";"26";"Particular";"3210,0";"2021-11-14";"B";"Adimplente";"0";"21";"Não";"735";"7";"0,2289719626168224"
"7";"1956/04/26 00:00:00";"Masculino";"98";"3";"0";"40";"Particular";"3600,0";"2021-11-14";"B";"Adimplente";"0";"22";"Não";"770";"7";"0,2138888888888889"
"8";"1966/05/06 00:00:00";"Feminino";"98";"3";"0";"15";"empresa";"2190,0";"2021-11-14";"A";"Adimplente";"0";"17";"Não";"595";"5";"0,2716894977168950"
"9";"1946/01/23 00:00:00";"Feminino";"98";"2";"6";"34";"empresa";"2790,0";"2021-11-14";"A";"Adimplente";"0";"29";"Não";"1015";"10";"0,3637992831541219"
"10";"1946/02/13 00:00:00";"Feminino";"98";"1";"0";"0";"empresa";"2400,0";"2021-11-14";"A";"Adimplente";"0";"26";"Não";"910";"9";"0,3791666666666667"
"11";"1950/02/07 00:00:00";"Feminino";"98";"3";"0";"6";"empresa";"3030,0";"2021-11-14";"B";"Adimplente";"0";"19";"Não";"665";"6";"0,2194719471947195"
"12";"1966/01/11 00:00:00";"Masculino";"98";"3";"0";"7";"Particular";"2835,0";"2021-11-14";"A";"Adimplente";"0";"19";"Não";"665";"6";"0,2345679012345679"
"13";"1960/07/17 00:00:00";"Masculino";"98";"1";"0";"6";"Particular";"2775,0";"2021-11-14";"A";"Adimplente";"0";"22";"Não";"770";"7";"0,2774774774774775"
"14";"1949/02/26 00:00:00";"Feminino";"98";"1";"0";"18";"empresa";"3510,0";"2021-11-14";"B";"Adimplente";"0";"30";"Sim";"1050";"10";"0,2991452991452991"
"15";"1962/08/29 00:00:00";"Masculino";"97";"2";"0";"24";"Particular";"2730,0";"2021-11-14";"A";"Adimplente";"0";"18";"Não";"630";"6";"0,2307692307692308"
"16";"1964/11/17 00:00:00";"Masculino";"97";"4";"3";"13";"Particular";"4080,0";"2021-11-14";"B";"Adimplente";"0";"18";"Não";"630";"6";"0,1544117647058824"
"17";"1962/07/18 00:00:00";"Masculino";"97";"1";"3";"7";"Particular";"4600,0";"2021-11-14";"B";"Adimplente";"0";"15";"Não";"525";"5";"0,1141304347826087"
"18";"1956/03/20 00:00:00";"Masculino";"97";"1";"0";"16";"Particular";"10375,0";"2021-11-14";"D";"Adimplente";"0";"25";"Não";"875";"8";"0,0843373493975904"
"19";"1962/08/19 00:00:00";"Masculino";"97";"1";"0";"1";"Particular";"4230,0";"2021-11-14";"B";"Adimplente";"0";"20";"Sim";"700";"7";"0,1654846335697399"
"20";"1940/01/23 00:00:00";"Feminino";"97";"4";"0";"14";"empresa";"2625,0";"2021-11-14";"A";"Adimplente";"0";"28";"Não";"980";"9";"0,3733333333333334"
"21";"1963/02/19 00:00:00";"Feminino";"97";"2";"3";"1";"empresa";"3885,0";"2021-11-14";"B";"Adimplente";"0";"32";"Não";"1120";"11";"0,2882882882882883"
"22";"1940/09/24 00:00:00";"Masculino";"97";"4";"3";"7";"Particular";"2175,0";"2021-11-14";"A";"Adimplente";"0";"31";"Sim";"1085";"10";"0,4988505747126437"
"23";"1965/03/15 00:00:00";"Feminino";"97";"3";"0";"3";"empresa";"2400,0";"2021-11-14";"A";"Adimplente";"0";"36";"Não";"1260";"12";"0,5250000000000000"
"24";"1933/03/27 00:00:00";"Feminino";"97";"1";"0";"18";"empresa";"1695,0";"2021-11-14";"A";"Adimplente";"0";"28";"Não";"980";"9";"0,5781710914454278"
"25";"1942/07/01 00:00:00";"Feminino";"97";"1";"0";"3";"empresa";"2115,0";"2021-11-14";"A";"Adimplente";"0";"25";"Sim";"875";"8";"0,4137115839243499"
"26";"1966/11/08 00:00:00";"Masculino";"96";"1";"0";"1";"Particular";"3105,0";"2021-11-14";"B";"Adimplente";"0";"28";"Não";"980";"9";"0,3156199677938809"
"27";"1954/03/19 00:00:00";"Masculino";"96";"2";"4";"2";"Particular";"6037,5";"2021-11-14";"C";"Adimplente";"0";"17";"Não";"595";"6";"0,0985507246376812"
"28";"1963/04/11 00:00:00";"Masculino";"96";"1";"0";"7";"Particular";"3255,0";"2021-11-14";"B";"Adimplente";"0";"29";"Não";"1015";"10";"0,3118279569892473"
"29";"1944/01/28 00:00:00";"Masculino";"96";"2";"6";"1";"Particular";"13500,0";"2021-11-14";"D";"Adimplente";"0";"26";"Não";"910";"9";"0,0674074074074074"
"30";"1961/09/17 00:00:00";"Masculino";"96";"1";"0";"0";"Particular";"3120,0";"2021-11-14";"B";"Adimplente";"0";"17";"Não";"595";"6";"0,1907051282051282"
"31";"1964/02/24 00:00:00";"Masculino";"96";"2";"3";"1";"Particular";"3615,0";"2021-11-14";"B";"Adimplente";"0";"17";"Não";"595";"6";"0,1645919778699862"
"32";"1954/01/28 00:00:00";"Masculino";"96";"3";"0";"2";"Particular";"11062,5";"2021-11-14";"D";"Adimplente";"0";"24";"Não";"840";"8";"0,0759322033898305"
"33";"1961/03/18 00:00:00";"Masculino";"96";"3";"0";"23";"Particular";"4200,0";"2021-11-14";"B";"Adimplente";"0";"35";"Não";"1225";"12";"0,2916666666666667"
"34";"1949/02/02 00:00:00";"Masculino";"96";"1";"0";"35";"Particular";"9200,0";"2021-11-14";"D";"Adimplente";"0";"25";"Não";"875";"8";"0,0951086956521739"
"35";"1961/08/22 00:00:00";"Masculino";"96";"1";"0";"16";"Particular";"8125,0";"2021-11-14";"D";"Adimplente";"0";"25";"Não";"875";"8";"0,1076923076923077"
"36";"1963/08/07 00:00:00";"Feminino";"96";"2";"3";"7";"empresa";"3135,0";"2021-11-14";"B";"Adimplente";"0";"29";"Não";"1015";"10";"0,3237639553429027"
"37";"1954/10/09 00:00:00";"Masculino";"96";"2";"0";"0";"Particular";"2910,0";"2021-11-14";"A";"Adimplente";"0";"19";"Não";"665";"6";"0,2285223367697594"
"38";"1962/04/27 00:00:00";"Masculino";"96";"3";"0";"9";"Particular";"3135,0";"2021-11-14";"B";"Adimplente";"0";"27";"Não";"945";"9";"0,3014354066985646"
"39";"1960/06/22 00:00:00";"Masculino";"96";"3";"0";"8";"Particular";"3600,0";"2021-11-14";"B";"Adimplente";"0";"31";"Não";"1085";"10";"0,3013888888888889"
"40";"1933/08/28 00:00:00";"Feminino";"96";"2";"6";"29";"empresa";"1920,0";"2021-11-14";"A";"Adimplente";"0";"33";"Não";"1155";"11";"0,6015625000000000"
"41";"1961/03/18 00:00:00";"Feminino";"96";"1";"0";"5";"empresa";"2355,0";"2021-11-14";"A";"Adimplente";"0";"21";"Não";"735";"7";"0,3121019108280255"
"42";"1960/09/23 00:00:00";"Masculino";"95";"3";"0";"31";"Particular";"3510,0";"2021-11-14";"B";"Adimplente";"0";"19";"Não";"665";"6";"0,1894586894586895"
"43";"1964/01/18 00:00:00";"Masculino";"95";"3";"0";"20";"Particular";"2325,0";"2021-11-14";"A";"Adimplente";"0";"23";"Não";"805";"8";"0,3462365591397850"
"44";"1963/06/15 00:00:00";"Masculino";"95";"1";"0";"23";"Particular";"2925,0";"2021-11-14";"A";"Adimplente";"0";"21";"Não";"735";"7";"0,2512820512820513"
"45";"1938/08/02 00:00:00";"Masculino";"95";"1";"0";"7";"Particular";"3075,0";"2021-11-14";"B";"Adimplente";"0";"18";"Sim";"630";"6";"0,2048780487804878"
"46";"1940/11/18 00:00:00";"Feminino";"95";"2";"0";"3";"empresa";"2235,0";"2021-11-14";"A";"Adimplente";"0";"18";"Sim";"630";"6";"0,2818791946308725"
"47";"1938/04/28 00:00:00";"Feminino";"95";"4";"3";"16";"empresa";"3000,0";"2021-11-14";"A";"Adimplente";"0";"32";"Não";"1120";"11";"0,3733333333333334"
"48";"1947/06/07 00:00:00";"Masculino";"94";"1";"3";"13";"Particular";"3075,0";"2021-11-14";"B";"Adimplente";"0";"19";"Não";"665";"6";"0,2162601626016260"
"49";"1958/09/16 00:00:00";"Masculino";"94";"1";"0";"8";"Particular";"3480,0";"2021-11-14";"B";"Adimplente";"0";"24";"Não";"840";"8";"0,2413793103448276"
"50";"1960/02/09 00:00:00";"Masculino";"94";"1";"0";"5";"Particular";"6000,0";"2021-11-14";"C";"Adimplente";"0";"22";"Não";"770";"7";"0,1283333333333333"
"51";"1962/07/08 00:00:00";"Masculino";"94";"4";"0";"4";"Particular";"3555,0";"2021-11-14";"B";"Adimplente";"0";"22";"Não";"770";"7";"0,2165963431786217"
"52";"1963/11/12 00:00:00";"Masculino";"94";"2";"3";"15";"Particular";"4515,0";"2021-11-14";"B";"Adimplente";"0";"23";"Não";"805";"8";"0,1782945736434109"
"53";"1954/04/21 00:00:00";"Masculino";"94";"4";"3";"1";"Particular";"7375,0";"2021-11-14";"D";"Adimplente";"0";"22";"Não";"770";"7";"0,1044067796610170"
"54";"1931/06/04 00:00:00";"Masculino";"94";"3";"0";"6";"Particular";"2505,0";"2021-11-14";"A";"Adimplente";"0";"30";"Não";"1050";"10";"0,4191616766467066"
"55";"1960/06/25 00:00:00";"Masculino";"94";"1";"0";"3";"Particular";"2700,0";"2021-11-14";"A";"Adimplente";"0";"19";"Não";"665";"6";"0,2462962962962963"
"56";"1962/04/16 00:00:00";"Masculino";"94";"1";"0";"23";"Particular";"2685,0";"2021-11-14";"A";"Adimplente";"0";"16";"Não";"560";"5";"0,2085661080074488"
"57";"1963/04/15 00:00:00";"Masculino";"94";"1";"0";"14";"Particular";"3390,0";"2021-11-14";"B";"Adimplente";"0";"21";"Sim";"735";"7";"0,2168141592920354"
"58";"1964/11/14 00:00:00";"Feminino";"94";"2";"4";"16";"empresa";"2640,0";"2021-11-14";"A";"Adimplente";"0";"30";"Não";"1050";"10";"0,3977272727272727"
"59";"1961/05/07 00:00:00";"Masculino";"94";"1";"0";"19";"Particular";"2805,0";"2021-11-14";"A";"Adimplente";"0";"20";"Não";"700";"7";"0,2495543672014260"
"60";"1959/02/16 00:00:00";"Masculino";"94";"2";"6";"16";"Particular";"3090,0";"2021-11-14";"B";"Adimplente";"0";"17";"Não";"595";"6";"0,1925566343042071"
"61";"1964/04/28 00:00:00";"Masculino";"94";"1";"0";"4";"Particular";"2250,0";"2021-11-14";"A";"Adimplente";"0";"17";"Não";"595";"6";"0,2644444444444444"
"62";"1962/07/18 00:00:00";"Masculino";"93";"2";"3";"9";"Particular";"4800,0";"2021-11-14";"B";"Adimplente";"0";"23";"Não";"805";"8";"0,1677083333333333"
"63";"1961/08/20 00:00:00";"Masculino";"93";"3";"0";"18";"Particular";"5500,0";"2021-11-14";"C";"Adimplente";"0";"24";"Não";"840";"8";"0,1527272727272727"
"64";"1963/09/28 00:00:00";"Masculino";"93";"3";"0";"1";"Particular";"5312,5";"2021-11-14";"C";"Adimplente";"0";"28";"Não";"980";"9";"0,1844705882352941"
"65";"1964/03/28 00:00:00";"Masculino";"93";"1";"0";"15";"Particular";"2190,0";"2021-11-14";"A";"Adimplente";"0";"26";"Não";"910";"9";"0,4155251141552511"
"66";"1962/02/16 00:00:00";"Masculino";"93";"1";"0";"27";"Particular";"7812,5";"2021-11-14";"D";"Adimplente";"0";"20";"Sim";"700";"7";"0,0896000000000000"
"67";"1964/05/28 00:00:00";"Masculino";"93";"2";"3";"19";"Particular";"4600,0";"2021-11-14";"B";"Adimplente";"0";"24";"Não";"840";"8";"0,1826086956521739"
"68";"1963/05/05 00:00:00";"Masculino";"93";"2";"0";"12";"Particular";"4525,0";"2021-11-14";"B";"Adimplente";"0";"28";"Não";"980";"9";"0,2165745856353591"
"69";"1960/06/23 00:00:00";"Masculino";"93";"3";"0";"20";"Particular";"5655,0";"2021-11-14";"C";"Adimplente";"0";"20";"Sim";"700";"7";"0,1237842617152962"
"70";"1962/02/08 00:00:00";"Masculino";"93";"3";"0";"2";"Particular";"4110,0";"2021-11-14";"B";"Adimplente";"0";"22";"Não";"770";"7";"0,1873479318734793"
"71";"1948/08/26 00:00:00";"Masculino";"93";"2";"6";"10";"Particular";"8250,0";"2021-11-14";"D";"Adimplente";"0";"22";"Não";"770";"7";"0,0933333333333333"
"72";"1964/01/07 00:00:00";"Feminino";"93";"1";"0";"5";"empresa";"5400,0";"2021-11-14";"C";"Adimplente";"0";"31";"Não";"1085";"10";"0,2009259259259259"
"73";"1968/02/09 00:00:00";"Feminino";"93";"3";"0";"11";"empresa";"2640,0";"2021-11-14";"A";"Adimplente";"0";"23";"Não";"805";"8";"0,3049242424242424"
"74";"1933/04/28 00:00:00";"Feminino";"93";"3";"0";"9";"empresa";"3390,0";"2021-11-14";"B";"Adimplente";"0";"16";"Não";"560";"5";"0,1651917404129793"
"75";"1965/08/12 00:00:00";"Feminino";"93";"1";"0";"8";"empresa";"2415,0";"2021-11-14";"A";"Adimplente";"0";"16";"Não";"560";"5";"0,2318840579710145"
"76";"1967/09/03 00:00:00";"Feminino";"93";"1";"0";"11";"empresa";"2925,0";"2021-11-14";"A";"Adimplente";"0";"18";"Não";"630";"6";"0,2153846153846154"
"77";"1968/09/09 00:00:00";"Feminino";"93";"2";"0";"13";"empresa";"2760,0";"2021-11-14";"A";"Adimplente";"0";"25";"Não";"875";"8";"0,3170289855072464"
"78";"1968/08/20 00:00:00";"Feminino";"93";"4";"3";"11";"empresa";"2295,0";"2021-11-14";"A";"Adimplente";"0";"32";"Não";"1120";"11";"0,4880174291938998"
"79";"1962/01/23 00:00:00";"Feminino";"93";"1";"3";"29";"empresa";"3480,0";"2021-11-14";"B";"Adimplente";"0";"20";"Não";"700";"7";"0,2011494252873563"
"80";"1961/05/25 00:00:00";"Feminino";"93";"1";"0";"10";"empresa";"5100,0";"2021-11-14";"C";"Adimplente";"0";"23";"Não";"805";"8";"0,1578431372549020"
"81";"1968/03/12 00:00:00";"Feminino";"93";"1";"0";"10";"empresa";"2430,0";"2021-11-14";"A";"Adimplente";"0";"22";"Não";"770";"7";"0,3168724279835391"
"82";"1947/08/28 00:00:00";"Feminino";"93";"4";"0";"1";"empresa";"2475,0";"2021-11-14";"A";"Adimplente";"0";"32";"Não";"1120";"11";"0,4525252525252526"
"83";"1967/10/12 00:00:00";"Feminino";"93";"2";"3";"14";"empresa";"2295,0";"2021-11-14";"A";"Adimplente";"0";"30";"Não";"1050";"10";"0,4575163398692810"
"84";"1967/03/12 00:00:00";"Feminino";"93";"4";"3";"0";"empresa";"2505,0";"2021-11-14";"A";"Adimplente";"0";"20";"Não";"700";"7";"0,2794411177644711"
"85";"1962/04/09 00:00:00";"Masculino";"92";"3";"0";"32";"Particular";"2595,0";"2021-11-14";"A";"Adimplente";"0";"23";"Não";"805";"8";"0,3102119460500963"
"86";"1961/08/25 00:00:00";"Masculino";"92";"1";"0";"17";"Particular";"3165,0";"2021-11-14";"B";"Adimplente";"0";"17";"Não";"595";"6";"0,1879936808846761"
"87";"1959/10/20 00:00:00";"Masculino";"92";"1";"0";"15";"Particular";"2415,0";"2021-11-14";"A";"Adimplente";"0";"19";"Não";"665";"6";"0,2753623188405797"
"88";"1962/02/10 00:00:00";"Masculino";"92";"1";"0";"26";"Particular";"7250,0";"2021-11-14";"D";"Adimplente";"0";"23";"Não";"805";"8";"0,1110344827586207"
"89";"1961/06/24 00:00:00";"Masculino";"92";"2";"4";"11";"Particular";"6875,0";"2021-11-14";"C";"Adimplente";"0";"36";"Não";"1260";"12";"0,1832727272727273"
"90";"1938/02/27 00:00:00";"Feminino";"92";"1";"0";"13";"empresa";"1620,0";"2021-11-14";"A";"Adimplente";"0";"22";"Não";"770";"7";"0,4753086419753086"
"91";"1967/11/04 00:00:00";"Feminino";"92";"2";"6";"7";"empresa";"2010,0";"2021-11-14";"A";"Adimplente";"0";"24";"Não";"840";"8";"0,4179104477611940"
"92";"1968/06/25 00:00:00";"Feminino";"92";"1";"0";"10";"empresa";"2400,0";"2021-11-14";"A";"Adimplente";"0";"21";"Não";"735";"7";"0,3062500000000000"
"93";"1968/03/05 00:00:00";"Feminino";"92";"2";"3";"4";"empresa";"2595,0";"2021-11-14";"A";"Adimplente";"0";"19";"Não";"665";"6";"0,2562620423892100"
"94";"1950/08/04 00:00:00";"Feminino";"92";"3";"0";"1";"empresa";"2460,0";"2021-11-14";"A";"Adimplente";"0";"25";"Sim";"875";"8";"0,3556910569105691"
"95";"1968/08/08 00:00:00";"Feminino";"92";"3";"0";"15";"empresa";"2850,0";"2021-11-14";"A";"Adimplente";"0";"16";"Não";"560";"5";"0,1964912280701754"
"96";"1933/10/02 00:00:00";"Masculino";"92";"1";"0";"25";"Particular";"3075,0";"2021-11-14";"B";"Adimplente";"0";"29";"Não";"1015";"10";"0,3300813008130081"
"97";"1953/01/18 00:00:00";"Masculino";"92";"1";"0";"6";"Particular";"4020,0";"2021-11-14";"B";"Adimplente";"0";"29";"Não";"1015";"10";"0,2524875621890547"
"98";"1956/05/17 00:00:00";"Masculino";"92";"2";"3";"1";"Particular";"3000,0";"2021-11-14";"A";"Adimplente";"0";"19";"Não";"665";"6";"0,2216666666666667"
"99";"1968/07/07 00:00:00";"Feminino";"92";"2";"0";"7";"empresa";"2205,0";"2021-11-14";"A";"Adimplente";"0";"19";"Não";"665";"6";"0,3015873015873016"
"100";"1963/10/25 00:00:00";"Masculino";"91";"3";"0";"5";"Particular";"7825,0";"2021-11-14";"D";"Adimplente";"0";"30";"Não";"1050";"10";"0,1341853035143770"
"101";"1960/03/14 00:00:00";"Masculino";"91";"3";"0";"3";"Particular";"6062,5";"2021-11-14";"C";"Adimplente";"0";"24";"Não";"840";"8";"0,1385567010309278"
"102";"1963/03/28 00:00:00";"Masculino";"91";"2";"6";"3";"Particular";"3990,0";"2021-11-14";"B";"Adimplente";"0";"19";"Não";"665";"6";"0,1666666666666667"
"103";"1959/03/17 00:00:00";"Masculino";"91";"1";"0";"6";"Particular";"9700,0";"2021-11-14";"D";"Adimplente";"0";"24";"Não";"840";"8";"0,0865979381443299"
"104";"1962/11/05 00:00:00";"Masculino";"91";"3";"0";"6";"Particular";"2745,0";"2021-11-14";"A";"Adimplente";"0";"23";"Não";"805";"8";"0,2932604735883425"
"105";"1966/03/07 00:00:00";"Masculino";"91";"3";"0";"0";"Particular";"3165,0";"2021-11-14";"B";"Adimplente";"0";"20";"Não";"700";"7";"0,2211690363349131"
"106";"1962/08/04 00:00:00";"Masculino";"91";"1";"0";"16";"Particular";"9125,0";"2021-11-14";"D";"Adimplente";"0";"25";"Não";"875";"8";"0,0958904109589041"
"107";"1960/08/16 00:00:00";"Feminino";"91";"1";"0";"5";"empresa";"2520,0";"2021-11-14";"A";"Adimplente";"0";"30";"Não";"1050";"10";"0,4166666666666667"
"108";"1930/07/16 00:00:00";"Feminino";"91";"2";"0";"0";"empresa";"2100,0";"2021-11-14";"A";"Adimplente";"0";"22";"Não";"770";"7";"0,3666666666666666"
"109";"1963/11/10 00:00:00";"Masculino";"91";"4";"3";"22";"Particular";"3045,0";"2021-11-14";"B";"Adimplente";"0";"18";"Não";"630";"6";"0,2068965517241379"
"110";"1952/10/29 00:00:00";"Masculino";"91";"1";"3";"2";"Particular";"2835,0";"2021-11-14";"A";"Adimplente";"0";"16";"Não";"560";"5";"0,1975308641975309"
"111";"1940/11/27 00:00:00";"Masculino";"91";"1";"0";"2";"Particular";"3075,0";"2021-11-14";"B";"Adimplente";"0";"32";"Não";"1120";"11";"0,3642276422764228"
"112";"1948/06/21 00:00:00";"Masculino";"91";"1";"0";"6";"Particular";"3075,0";"2021-11-14";"B";"Adimplente";"0";"18";"Não";"630";"6";"0,2048780487804878"
"113";"1959/10/06 00:00:00";"Masculino";"90";"4";"0";"5";"Particular";"5487,5";"2021-11-14";"C";"Adimplente";"0";"29";"Não";"1015";"10";"0,1849658314350797"
"114";"1961/08/25 00:00:00";"Masculino";"90";"2";"3";"29";"Particular";"3780,0";"2021-11-14";"B";"Adimplente";"0";"33";"Sim";"1155";"11";"0,3055555555555556"
"115";"1961/05/12 00:00:00";"Masculino";"90";"4";"3";"14";"Particular";"3345,0";"2021-11-14";"B";"Adimplente";"0";"20";"Não";"700";"7";"0,2092675635276532"
"116";"1962/06/09 00:00:00";"Masculino";"90";"3";"0";"20";"Particular";"3030,0";"2021-11-14";"B";"Adimplente";"0";"28";"Não";"980";"9";"0,3234323432343234"
"117";"1932/01/14 00:00:00";"Feminino";"90";"1";"0";"10";"empresa";"3150,0";"2021-11-14";"B";"Adimplente";"0";"14";"Não";"490";"5";"0,1555555555555556"
"118";"1964/03/04 00:00:00";"Feminino";"90";"1";"0";"9";"empresa";"3165,0";"2021-11-14";"B";"Adimplente";"0";"28";"Não";"980";"9";"0,3096366508688784"
"119";"1963/07/23 00:00:00";"Feminino";"90";"1";"0";"14";"empresa";"2520,0";"2021-11-14";"A";"Adimplente";"0";"25";"Não";"875";"8";"0,3472222222222222"
"120";"1964/11/12 00:00:00";"Feminino";"90";"2";"4";"17";"empresa";"3780,0";"2021-11-14";"B";"Adimplente";"0";"16";"Não";"560";"5";"0,1481481481481481"
"121";"1936/08/06 00:00:00";"Feminino";"90";"1";"0";"1";"empresa";"1875,0";"2021-11-14";"A";"Adimplente";"0";"20";"Não";"700";"7";"0,3733333333333334"
"122";"1965/09/26 00:00:00";"Feminino";"90";"2";"6";"15";"empresa";"3255,0";"2021-11-14";"B";"Adimplente";"0";"26";"Não";"910";"9";"0,2795698924731183"
"123";"1949/04/24 00:00:00";"Feminino";"90";"1";"0";"5";"empresa";"3330,0";"2021-11-14";"B";"Adimplente";"0";"21";"Não";"735";"7";"0,2207207207207207"
"124";"1963/05/29 00:00:00";"Feminino";"90";"2";"3";"3";"empresa";"3855,0";"2021-11-14";"B";"Adimplente";"0";"22";"Não";"770";"7";"0,1997405966277562"
"125";"1956/08/06 00:00:00";"Masculino";"90";"3";"0";"7";"Particular";"2745,0";"2021-11-14";"A";"Adimplente";"0";"25";"Não";"875";"8";"0,3187613843351548"
"126";"1951/01/21 00:00:00";"Masculino";"90";"3";"0";"3";"Particular";"2430,0";"2021-11-14";"A";"Adimplente";"0";"31";"Não";"1085";"10";"0,4465020576131687"
"127";"1950/09/01 00:00:00";"Masculino";"90";"1";"0";"32";"Particular";"3075,0";"2021-11-14";"B";"Adimplente";"0";"35";"Não";"1225";"12";"0,3983739837398374"
"128";"1946/07/25 00:00:00";"Feminino";"90";"1";"0";"6";"empresa";"1965,0";"2021-11-14";"A";"Adimplente";"0";"19";"Não";"665";"6";"0,3384223918575064"
"129";"1959/07/18 00:00:00";"Masculino";"89";"2";"3";"13";"Particular";"6875,0";"2021-11-14";"C";"Adimplente";"0";"24";"Não";"840";"8";"0,1221818181818182"
"130";"1958/09/06 00:00:00";"Masculino";"89";"2";"0";"13";"Particular";"5937,5";"2021-11-14";"C";"Adimplente";"0";"45";"Não";"1575";"15";"0,2652631578947369"
"131";"1962/02/08 00:00:00";"Masculino";"89";"3";"0";"13";"Particular";"3150,0";"2021-11-14";"B";"Inadimplente";"1";"28";"Sim";"980";"9";"0,3111111111111111"
"132";"1953/05/17 00:00:00";"Masculino";"89";"3";"0";"2";"Particular";"2730,0";"2021-11-14";"A";"Inadimplente";"1";"29";"Sim";"1015";"10";"0,3717948717948718"
"133";"1959/09/12 00:00:00";"Masculino";"89";"2";"6";"22";"Particular";"2700,0";"2021-11-14";"A";"Inadimplente";"1";"34";"Não";"1190";"11";"0,4407407407407408"
"134";"1941/11/10 00:00:00";"Feminino";"89";"1";"0";"17";"empresa";"4155,0";"2021-11-14";"B";"Inadimplente";"1";"25";"Não";"875";"8";"0,2105896510228640"
"135";"1968/05/22 00:00:00";"Feminino";"89";"3";"0";"11";"empresa";"2625,0";"2021-11-14";"A";"Inadimplente";"1";"25";"Sim";"875";"8";"0,3333333333333333"
"136";"1939/08/25 00:00:00";"Masculino";"88";"3";"0";"5";"Particular";"2220,0";"2021-11-14";"A";"Inadimplente";"1";"27";"Não";"945";"9";"0,4256756756756757"
"137";"1937/07/12 00:00:00";"Masculino";"88";"1";"0";"11";"Particular";"6500,0";"2021-11-14";"C";"Inadimplente";"1";"27";"Não";"945";"9";"0,1453846153846154"
"138";"1947/01/09 00:00:00";"Masculino";"88";"1";"0";"25";"Particular";"3090,0";"2021-11-14";"B";"Inadimplente";"1";"24";"Não";"840";"8";"0,2718446601941747"
"139";"1931/06/18 00:00:00";"Feminino";"88";"2";"0";"4";"empresa";"2010,0";"2021-11-14";"A";"Inadimplente";"1";"24";"Não";"840";"8";"0,4179104477611940"
"140";"1965/04/05 00:00:00";"Feminino";"88";"4";"3";"4";"empresa";"2235,0";"2021-11-14";"A";"Inadimplente";"1";"21";"Não";"735";"7";"0,3288590604026846"
"141";"1966/06/14 00:00:00";"Feminino";"88";"1";"3";"25";"empresa";"3555,0";"2021-11-14";"B";"Inadimplente";"1";"32";"Não";"1120";"11";"0,3150492264416315"
"142";"1966/11/13 00:00:00";"Feminino";"88";"1";"0";"8";"empresa";"2850,0";"2021-11-14";"A";"Inadimplente";"1";"19";"Sim";"665";"6";"0,2333333333333333"
"143";"1939/08/24 00:00:00";"Feminino";"88";"1";"0";"1";"empresa";"2445,0";"2021-11-14";"A";"Inadimplente";"1";"25";"Não";"875";"8";"0,3578732106339468"
"144";"1931/08/28 00:00:00";"Feminino";"88";"4";"0";"1";"empresa";"1665,0";"2021-11-14";"A";"Inadimplente";"1";"16";"Não";"560";"5";"0,3363363363363364"
"145";"1964/01/15 00:00:00";"Masculino";"88";"2";"3";"35";"Particular";"2670,0";"2021-11-14";"A";"Inadimplente";"1";"25";"Não";"875";"8";"0,3277153558052435"
"146";"1951/01/02 00:00:00";"Masculino";"88";"4";"3";"19";"Particular";"4395,0";"2021-11-14";"B";"Inadimplente";"1";"20";"Não";"700";"7";"0,1592718998862344"
"147";"1936/09/11 00:00:00";"Masculino";"88";"3";"0";"24";"Particular";"2370,0";"2021-11-14";"A";"Inadimplente";"1";"21";"Sim";"735";"7";"0,3101265822784810"
"148";"1959/10/05 00:00:00";"Feminino";"88";"1";"0";"0";"empresa";"2655,0";"2021-11-14";"A";"Inadimplente";"1";"24";"Não";"840";"8";"0,3163841807909605"
"149";"1962/06/28 00:00:00";"Masculino";"87";"1";"0";"23";"Particular";"2760,0";"2021-11-14";"A";"Inadimplente";"1";"21";"Não";"735";"7";"0,2663043478260870"
"150";"1954/03/05 00:00:00";"Masculino";"87";"1";"0";"30";"Particular";"2580,0";"2021-11-14";"A";"Inadimplente";"1";"20";"Sim";"700";"7";"0,2713178294573643"
"151";"1954/08/16 00:00:00";"Masculino";"87";"2";"4";"7";"Particular";"4230,0";"2021-11-14";"B";"Inadimplente";"1";"25";"Não";"875";"8";"0,2068557919621749"
"152";"1929/05/03 00:00:00";"Masculino";"87";"1";"0";"18";"Particular";"3075,0";"2021-11-14";"B";"Inadimplente";"1";"19";"Não";"665";"6";"0,2162601626016260"
"153";"1967/05/13 00:00:00";"Feminino";"87";"2";"6";"15";"empresa";"2670,0";"2021-11-14";"A";"Inadimplente";"1";"19";"Sim";"665";"6";"0,2490636704119850"
"154";"1940/06/07 00:00:00";"Feminino";"87";"1";"0";"7";"empresa";"2085,0";"2021-11-14";"A";"Inadimplente";"1";"26";"Não";"910";"9";"0,4364508393285372"
"155";"1963/03/06 00:00:00";"Masculino";"87";"2";"3";"13";"Particular";"3525,0";"2021-11-14";"B";"Inadimplente";"1";"24";"Não";"840";"8";"0,2382978723404255"
"156";"1963/01/12 00:00:00";"Masculino";"87";"3";"0";"16";"Particular";"2670,0";"2021-11-14";"A";"Inadimplente";"1";"17";"Sim";"595";"6";"0,2228464419475655"
"157";"1967/07/02 00:00:00";"Feminino";"87";"3";"0";"11";"empresa";"2655,0";"2021-11-14";"A";"Inadimplente";"1";"20";"Não";"700";"7";"0,2636534839924670"
"158";"1964/09/20 00:00:00";"Feminino";"87";"1";"0";"50";"empresa";"2775,0";"2021-11-14";"A";"Inadimplente";"1";"22";"Sim";"770";"7";"0,2774774774774775"
"159";"1951/01/13 00:00:00";"Feminino";"87";"1";"0";"17";"empresa";"2505,0";"2021-11-14";"A";"Inadimplente";"1";"27";"Sim";"945";"9";"0,3772455089820359"
"160";"1951/08/27 00:00:00";"Masculino";"86";"2";"3";"17";"Particular";"6600,0";"2021-11-14";"C";"Inadimplente";"1";"20";"Sim";"700";"7";"0,1060606060606061"
"161";"1963/02/11 00:00:00";"Masculino";"86";"2";"0";"8";"Particular";"5265,0";"2021-11-14";"C";"Inadimplente";"1";"17";"Não";"595";"6";"0,1130104463437797"
"162";"1961/05/25 00:00:00";"Masculino";"86";"3";"0";"15";"Particular";"4562,5";"2021-11-14";"B";"Inadimplente";"1";"25";"Não";"875";"8";"0,1917808219178082"
"163";"1965/11/10 00:00:00";"Masculino";"86";"3";"0";"8";"Particular";"3090,0";"2021-11-14";"B";"Inadimplente";"1";"20";"Não";"700";"7";"0,2265372168284790"
"164";"1965/08/13 00:00:00";"Feminino";"86";"2";"6";"1";"empresa";"2940,0";"2021-11-14";"A";"Inadimplente";"1";"18";"Não";"630";"6";"0,2142857142857143"
"165";"1966/04/29 00:00:00";"Feminino";"86";"1";"0";"14";"empresa";"3330,0";"2021-11-14";"B";"Inadimplente";"1";"18";"Não";"630";"6";"0,1891891891891892"
"166";"1942/07/12 00:00:00";"Feminino";"86";"3";"0";"22";"empresa";"2190,0";"2021-11-14";"A";"Inadimplente";"1";"20";"Sim";"700";"7";"0,3196347031963470"
"167";"1932/08/26 00:00:00";"Feminino";"86";"3";"0";"6";"empresa";"1815,0";"2021-11-14";"A";"Inadimplente";"1";"21";"Não";"735";"7";"0,4049586776859504"
"168";"1962/04/23 00:00:00";"Feminino";"86";"1";"0";"6";"empresa";"4687,5";"2021-11-14";"B";"Inadimplente";"1";"26";"Não";"910";"9";"0,1941333333333333"
"169";"1965/05/23 00:00:00";"Masculino";"86";"1";"0";"21";"Particular";"2550,0";"2021-11-14";"A";"Inadimplente";"1";"31";"Não";"1085";"10";"0,4254901960784314"
"170";"1964/06/13 00:00:00";"Masculino";"86";"2";"0";"33";"Particular";"2655,0";"2021-11-14";"A";"Inadimplente";"1";"15";"Não";"525";"5";"0,1977401129943503"
"171";"1930/01/21 00:00:00";"Masculino";"86";"4";"3";"0";"Particular";"2670,0";"2021-11-14";"A";"Inadimplente";"1";"23";"Não";"805";"8";"0,3014981273408240"
"172";"1953/06/13 00:00:00";"Feminino";"86";"1";"3";"4";"empresa";"2985,0";"2021-11-14";"A";"Inadimplente";"1";"20";"Não";"700";"7";"0,2345058626465662"
"173";"1950/01/15 00:00:00";"Masculino";"85";"1";"0";"2";"Particular";"6925,0";"2021-11-14";"C";"Inadimplente";"1";"24";"Não";"840";"8";"0,1212996389891697"
"174";"1935/01/07 00:00:00";"Masculino";"85";"1";"0";"8";"Particular";"3195,0";"2021-11-14";"B";"Inadimplente";"1";"15";"Sim";"525";"5";"0,1643192488262911"
"175";"1938/01/08 00:00:00";"Masculino";"85";"4";"0";"5";"Particular";"2625,0";"2021-11-14";"A";"Inadimplente";"1";"23";"Não";"805";"8";"0,3066666666666666"
"176";"1962/10/05 00:00:00";"Feminino";"85";"2";"3";"11";"empresa";"3570,0";"2021-11-14";"B";"Inadimplente";"1";"30";"Não";"1050";"10";"0,2941176470588235"
"177";"1962/08/11 00:00:00";"Feminino";"85";"4";"3";"0";"empresa";"2850,0";"2021-11-14";"A";"Inadimplente";"1";"22";"Não";"770";"7";"0,2701754385964912"
"178";"1938/01/17 00:00:00";"Feminino";"85";"3";"0";"14";"empresa";"1710,0";"2021-11-14";"A";"Inadimplente";"1";"17";"Não";"595";"6";"0,3479532163742690"
"179";"1965/01/19 00:00:00";"Masculino";"85";"1";"0";"18";"Particular";"2520,0";"2021-11-14";"A";"Inadimplente";"1";"23";"Não";"805";"8";"0,3194444444444444"
"180";"1960/01/23 00:00:00";"Feminino";"85";"1";"0";"0";"empresa";"2400,0";"2021-11-14";"A";"Inadimplente";"1";"17";"Não";"595";"6";"0,2479166666666667"
"181";"1939/01/04 00:00:00";"Feminino";"85";"1";"0";"7";"empresa";"2745,0";"2021-11-14";"A";"Inadimplente";"1";"26";"Não";"910";"9";"0,3315118397085610"
"182";"1943/03/08 00:00:00";"Feminino";"85";"2";"4";"8";"empresa";"1845,0";"2021-11-14";"A";"Inadimplente";"1";"20";"Não";"700";"7";"0,3794037940379404"
"183";"1960/03/01 00:00:00";"Masculino";"84";"1";"0";"9";"Particular";"3930,0";"2021-11-14";"B";"Inadimplente";"1";"26";"Não";"910";"9";"0,2315521628498728"
"184";"1964/11/05 00:00:00";"Masculino";"84";"2";"6";"37";"Particular";"3885,0";"2021-11-14";"B";"Inadimplente";"1";"14";"Não";"490";"5";"0,1261261261261261"
"185";"1930/08/28 00:00:00";"Masculino";"84";"1";"0";"11";"Particular";"3075,0";"2021-11-14";"B";"Inadimplente";"1";"28";"Não";"980";"9";"0,3186991869918699"
"186";"1964/07/06 00:00:00";"Masculino";"84";"2";"3";"3";"Particular";"3750,0";"2021-11-14";"B";"Inadimplente";"1";"14";"Não";"490";"5";"0,1306666666666667"
"187";"1963/07/29 00:00:00";"Masculino";"84";"3";"0";"27";"Particular";"5875,0";"2021-11-14";"C";"Inadimplente";"1";"23";"Não";"805";"8";"0,1370212765957447"
"188";"1934/02/04 00:00:00";"Feminino";"84";"3";"0";"12";"empresa";"3450,0";"2021-11-14";"B";"Inadimplente";"1";"17";"Não";"595";"6";"0,1724637681159420"
"189";"1950/03/28 00:00:00";"Feminino";"84";"1";"0";"11";"empresa";"3600,0";"2021-11-14";"B";"Inadimplente";"1";"21";"Não";"735";"7";"0,2041666666666667"
"190";"1932/11/15 00:00:00";"Feminino";"84";"1";"0";"0";"empresa";"2910,0";"2021-11-14";"A";"Inadimplente";"1";"27";"Não";"945";"9";"0,3247422680412371"
"191";"1931/10/23 00:00:00";"Feminino";"84";"2";"3";"5";"empresa";"1650,0";"2021-11-14";"A";"Inadimplente";"1";"27";"Não";"945";"9";"0,5727272727272728"
"192";"1949/10/09 00:00:00";"Masculino";"84";"2";"0";"4";"Particular";"1965,0";"2021-11-14";"A";"Inadimplente";"1";"24";"Não";"840";"8";"0,4274809160305343"
"193";"1966/07/22 00:00:00";"Feminino";"84";"3";"0";"13";"empresa";"2475,0";"2021-11-14";"A";"Inadimplente";"1";"24";"Não";"840";"8";"0,3393939393939394"
"194";"1938/04/10 00:00:00";"Feminino";"84";"3";"0";"2";"empresa";"2715,0";"2021-11-14";"A";"Inadimplente";"1";"21";"Não";"735";"7";"0,2707182320441989"
"195";"1955/11/06 00:00:00";"Feminino";"84";"2";"6";"3";"empresa";"2640,0";"2021-11-14";"A";"Inadimplente";"1";"32";"Não";"1120";"11";"0,4242424242424243"
"196";"1946/03/03 00:00:00";"Feminino";"84";"1";"0";"3";"empresa";"2310,0";"2021-11-14";"A";"Inadimplente";"1";"19";"Sim";"665";"6";"0,2878787878787879"
"197";"1962/10/01 00:00:00";"Masculino";"83";"3";"0";"31";"Particular";"5490,0";"2021-11-14";"C";"Inadimplente";"1";"25";"Não";"875";"8";"0,1593806921675774"
"198";"1952/03/17 00:00:00";"Masculino";"83";"3";"0";"11";"Particular";"7087,5";"2021-11-14";"D";"Inadimplente";"1";"16";"Não";"560";"5";"0,0790123456790123"
"199";"1958/02/02 00:00:00";"Masculino";"83";"1";"0";"5";"Particular";"5125,0";"2021-11-14";"C";"Inadimplente";"1";"25";"Não";"875";"8";"0,1707317073170732"
"200";"1963/02/13 00:00:00";"Masculino";"83";"1";"0";"5";"Particular";"6750,0";"2021-11-14";"C";"Inadimplente";"1";"20";"Não";"700";"7";"0,1037037037037037"
"201";"1955/05/08 00:00:00";"Masculino";"83";"2";"0";"12";"Particular";"2934,0";"2021-11-14";"A";"Inadimplente";"1";"21";"Sim";"735";"7";"0,2505112474437628"
"202";"1963/03/17 00:00:00";"Masculino";"83";"4";"3";"17";"Particular";"3960,0";"2021-11-14";"B";"Inadimplente";"1";"24";"Não";"840";"8";"0,2121212121212121"
"203";"1964/03/17 00:00:00";"Masculino";"83";"1";"3";"7";"Particular";"2910,0";"2021-11-14";"A";"Inadimplente";"1";"21";"Não";"735";"7";"0,2525773195876289"
"204";"1960/10/21 00:00:00";"Masculino";"83";"1";"0";"11";"Particular";"3315,0";"2021-11-14";"B";"Inadimplente";"1";"20";"Sim";"700";"7";"0,2111613876319759"
"205";"1944/06/22 00:00:00";"Masculino";"83";"1";"0";"6";"Particular";"6675,0";"2021-11-14";"C";"Inadimplente";"1";"25";"Não";"875";"8";"0,1310861423220974"
"206";"1943/05/22 00:00:00";"Masculino";"83";"4";"0";"14";"Particular";"3375,0";"2021-11-14";"B";"Inadimplente";"1";"19";"Não";"665";"6";"0,1970370370370370"
"207";"1959/02/15 00:00:00";"Masculino";"83";"2";"3";"11";"Particular";"2730,0";"2021-11-14";"A";"Inadimplente";"1";"19";"Sim";"665";"6";"0,2435897435897436"
"208";"1968/11/28 00:00:00";"Feminino";"83";"4";"3";"36";"empresa";"2400,0";"2021-11-14";"A";"Inadimplente";"1";"26";"Não";"910";"9";"0,3791666666666667"
"209";"1934/01/14 00:00:00";"Feminino";"83";"3";"0";"7";"empresa";"1980,0";"2021-11-14";"A";"Inadimplente";"1";"24";"Não";"840";"8";"0,4242424242424243"
"210";"1949/05/04 00:00:00";"Masculino";"83";"1";"0";"8";"Particular";"3060,0";"2021-11-14";"B";"Inadimplente";"1";"17";"Sim";"595";"6";"0,1944444444444444"
"211";"1950/11/08 00:00:00";"Masculino";"83";"1";"0";"10";"Particular";"2895,0";"2021-11-14";"A";"Inadimplente";"1";"20";"Não";"700";"7";"0,2417962003454232"
"212";"1965/05/14 00:00:00";"Masculino";"83";"1";"0";"16";"Particular";"3840,0";"2021-11-14";"B";"Inadimplente";"1";"22";"Sim";"770";"7";"0,2005208333333333"
"213";"1945/10/20 00:00:00";"Masculino";"83";"2";"4";"17";"Particular";"3075,0";"2021-11-14";"B";"Inadimplente";"1";"27";"Sim";"945";"9";"0,3073170731707317"
"214";"1968/09/13 00:00:00";"Feminino";"83";"1";"0";"12";"empresa";"2040,0";"2021-11-14";"A";"Inadimplente";"1";"20";"Sim";"700";"7";"0,3431372549019608"
"215";"1968/09/15 00:00:00";"Feminino";"83";"2";"6";"0";"empresa";"1920,0";"2021-11-14";"A";"Inadimplente";"1";"17";"Não";"595";"6";"0,3098958333333333"
"216";"1964/05/16 00:00:00";"Masculino";"82";"1";"0";"0";"Particular";"3015,0";"2021-11-14";"B";"Inadimplente";"1";"25";"Não";"875";"8";"0,2902155887230514"
"217";"1949/03/15 00:00:00";"Masculino";"82";"2";"3";"1";"Particular";"3462,0";"2021-11-14";"B";"Inadimplente";"1";"20";"Não";"700";"7";"0,2021952628538417"
"218";"1964/03/21 00:00:00";"Masculino";"82";"3";"0";"4";"Particular";"8000,0";"2021-11-14";"D";"Inadimplente";"1";"18";"Não";"630";"6";"0,0787500000000000"
"219";"1963/02/02 00:00:00";"Masculino";"82";"3";"0";"5";"Particular";"2535,0";"2021-11-14";"A";"Inadimplente";"1";"18";"Não";"630";"6";"0,2485207100591716"
"220";"1963/08/17 00:00:00";"Masculino";"82";"1";"0";"21";"Particular";"2985,0";"2021-11-14";"A";"Inadimplente";"1";"20";"Sim";"700";"7";"0,2345058626465662"
"221";"1947/05/22 00:00:00";"Feminino";"82";"1";"0";"11";"empresa";"2400,0";"2021-11-14";"A";"Inadimplente";"1";"21";"Não";"735";"7";"0,3062500000000000"
"222";"1935/09/15 00:00:00";"Feminino";"82";"2";"3";"18";"empresa";"2775,0";"2021-11-14";"A";"Inadimplente";"1";"26";"Não";"910";"9";"0,3279279279279279"
"223";"1942/03/14 00:00:00";"Feminino";"82";"2";"0";"0";"empresa";"2235,0";"2021-11-14";"A";"Inadimplente";"1";"31";"Não";"1085";"10";"0,4854586129753915"
"224";"1934/11/20 00:00:00";"Feminino";"82";"3";"0";"30";"empresa";"1620,0";"2021-11-14";"A";"Inadimplente";"1";"15";"Não";"525";"5";"0,3240740740740741"
"225";"1967/10/13 00:00:00";"Feminino";"82";"3";"0";"28";"empresa";"2190,0";"2021-11-14";"A";"Inadimplente";"1";"23";"Não";"805";"8";"0,3675799086757991"
"226";"1964/06/21 00:00:00";"Feminino";"82";"2";"6";"25";"empresa";"2325,0";"2021-11-14";"A";"Inadimplente";"1";"20";"Não";"700";"7";"0,3010752688172043"
"227";"1965/07/17 00:00:00";"Feminino";"82";"1";"0";"11";"empresa";"3390,0";"2021-11-14";"B";"Inadimplente";"1";"24";"Não";"840";"8";"0,2477876106194690"
"228";"1963/09/21 00:00:00";"Feminino";"82";"3";"0";"2";"empresa";"2565,0";"2021-11-14";"A";"Inadimplente";"1";"15";"Sim";"525";"5";"0,2046783625730994"
"229";"1940/08/21 00:00:00";"Feminino";"82";"3";"0";"3";"empresa";"1725,0";"2021-11-14";"A";"Inadimplente";"1";"23";"Não";"805";"8";"0,4666666666666667"
"230";"1934/02/04 00:00:00";"Masculino";"82";"1";"0";"4";"Particular";"2250,0";"2021-11-14";"A";"Inadimplente";"1";"30";"Não";"1050";"10";"0,4666666666666667"
"231";"1965/01/09 00:00:00";"Masculino";"81";"1";"0";"7";"Particular";"4020,0";"2021-11-14";"B";"Inadimplente";"1";"22";"Não";"770";"7";"0,1915422885572139"
"232";"1963/09/13 00:00:00";"Masculino";"81";"2";"0";"17";"Particular";"5550,0";"2021-11-14";"C";"Inadimplente";"1";"17";"Não";"595";"6";"0,1072072072072072"
"233";"1963/07/21 00:00:00";"Masculino";"81";"4";"3";"1";"Particular";"2655,0";"2021-11-14";"A";"Inadimplente";"1";"23";"Não";"805";"8";"0,3032015065913371"
"234";"1960/11/12 00:00:00";"Masculino";"81";"1";"3";"31";"Particular";"5055,0";"2021-11-14";"C";"Inadimplente";"1";"17";"Não";"595";"6";"0,1177052423343224"
"235";"1962/09/11 00:00:00";"Masculino";"81";"1";"0";"13";"Particular";"7500,0";"2021-11-14";"D";"Inadimplente";"1";"26";"Não";"910";"9";"0,1213333333333333"
"236";"1969/05/02 00:00:00";"Feminino";"81";"1";"0";"1";"empresa";"2745,0";"2021-11-14";"A";"Inadimplente";"1";"20";"Não";"700";"7";"0,2550091074681239"
"237";"1969/06/04 00:00:00";"Feminino";"81";"4";"0";"8";"empresa";"2265,0";"2021-11-14";"A";"Inadimplente";"1";"26";"Não";"910";"9";"0,4017660044150110"
"238";"1969/06/15 00:00:00";"Feminino";"81";"2";"3";"19";"empresa";"2730,0";"2021-11-14";"A";"Inadimplente";"1";"14";"Não";"490";"5";"0,1794871794871795"
"239";"1969/09/14 00:00:00";"Feminino";"81";"4";"3";"5";"empresa";"2775,0";"2021-11-14";"A";"Inadimplente";"1";"28";"Não";"980";"9";"0,3531531531531532"
"240";"1961/06/15 00:00:00";"Feminino";"81";"3";"0";"0";"empresa";"5437,5";"2021-11-14";"C";"Inadimplente";"1";"14";"Não";"490";"5";"0,0901149425287356"
"241";"1936/08/27 00:00:00";"Feminino";"81";"1";"0";"6";"empresa";"1740,0";"2021-11-14";"A";"Inadimplente";"1";"23";"Não";"805";"8";"0,4626436781609196"
"242";"1967/11/03 00:00:00";"Feminino";"81";"1";"0";"1";"empresa";"4080,0";"2021-11-14";"B";"Inadimplente";"1";"17";"Não";"595";"6";"0,1458333333333333"
"243";"1969/02/10 00:00:00";"Feminino";"81";"1";"0";"2";"empresa";"2310,0";"2021-11-14";"A";"Inadimplente";"1";"21";"Não";"735";"7";"0,3181818181818182"
"244";"1969/09/15 00:00:00";"Feminino";"81";"2";"4";"25";"empresa";"2250,0";"2021-11-14";"A";"Inadimplente";"1";"27";"Não";"945";"9";"0,4200000000000000"
"245";"1969/03/16 00:00:00";"Feminino";"81";"1";"0";"23";"empresa";"2670,0";"2021-11-14";"A";"Inadimplente";"1";"27";"Não";"945";"9";"0,3539325842696629"
"246";"1968/01/14 00:00:00";"Feminino";"81";"2";"6";"0";"empresa";"2490,0";"2021-11-14";"A";"Inadimplente";"1";"24";"Não";"840";"8";"0,3373493975903614"
"247";"1968/05/13 00:00:00";"Feminino";"81";"1";"0";"13";"empresa";"1965,0";"2021-11-14";"A";"Inadimplente";"1";"24";"Não";"840";"8";"0,4274809160305343"
"248";"1969/04/09 00:00:00";"Feminino";"81";"2";"3";"0";"empresa";"2205,0";"2021-11-14";"A";"Inadimplente";"1";"21";"Não";"735";"7";"0,3333333333333333"
"249";"1969/05/09 00:00:00";"Feminino";"81";"3";"0";"14";"empresa";"2550,0";"2021-11-14";"A";"Inadimplente";"1";"32";"Não";"1120";"11";"0,4392156862745098"
"250";"1966/10/10 00:00:00";"Feminino";"81";"3";"0";"24";"empresa";"2820,0";"2021-11-14";"A";"Inadimplente";"1";"19";"Sim";"665";"6";"0,2358156028368794"
"251";"1969/01/19 00:00:00";"Feminino";"81";"1";"0";"2";"empresa";"2310,0";"2021-11-14";"A";"Inadimplente";"1";"25";"Não";"875";"8";"0,3787878787878788"
"252";"1969/09/18 00:00:00";"Masculino";"81";"1";"0";"10";"Particular";"2550,0";"2021-11-14";"A";"Inadimplente";"1";"16";"Não";"560";"5";"0,2196078431372549"
"253";"1942/02/21 00:00:00";"Feminino";"81";"2";"3";"3";"empresa";"1710,0";"2021-11-14";"A";"Inadimplente";"1";"25";"Não";"875";"8";"0,5116959064327485"
"254";"1964/02/08 00:00:00";"Masculino";"80";"2";"0";"4";"Particular";"6812,5";"2021-11-14";"C";"Inadimplente";"1";"20";"Não";"700";"7";"0,1027522935779817"
"255";"1932/08/15 00:00:00";"Masculino";"80";"3";"0";"9";"Particular";"3060,0";"2021-11-14";"B";"Inadimplente";"1";"21";"Sim";"735";"7";"0,2401960784313726"
"256";"1948/01/03 00:00:00";"Masculino";"80";"3";"0";"12";"Particular";"5212,5";"2021-11-14";"C";"Inadimplente";"1";"24";"Não";"840";"8";"0,1611510791366906"
"257";"1951/09/24 00:00:00";"Masculino";"80";"2";"6";"11";"Particular";"6187,5";"2021-11-14";"C";"Inadimplente";"1";"21";"Não";"735";"7";"0,1187878787878788"
"258";"1969/03/09 00:00:00";"Masculino";"80";"1";"0";"30";"Particular";"2130,0";"2021-11-14";"A";"Inadimplente";"1";"20";"Sim";"700";"7";"0,3286384976525822"
"259";"1969/03/15 00:00:00";"Feminino";"80";"3";"0";"3";"empresa";"1965,0";"2021-11-14";"A";"Inadimplente";"1";"25";"Não";"875";"8";"0,4452926208651399"
"260";"1969/02/20 00:00:00";"Feminino";"80";"3";"0";"43";"empresa";"2235,0";"2021-11-14";"A";"Inadimplente";"1";"19";"Não";"665";"6";"0,2975391498881432"
"261";"1969/03/27 00:00:00";"Feminino";"80";"1";"0";"20";"empresa";"2340,0";"2021-11-14";"A";"Inadimplente";"1";"19";"Sim";"665";"6";"0,2841880341880342"
"262";"1968/06/20 00:00:00";"Feminino";"80";"1";"0";"16";"empresa";"2430,0";"2021-11-14";"A";"Inadimplente";"1";"26";"Não";"910";"9";"0,3744855967078189"
"263";"1968/10/13 00:00:00";"Feminino";"80";"2";"0";"34";"empresa";"2850,0";"2021-11-14";"A";"Inadimplente";"1";"24";"Não";"840";"8";"0,2947368421052631"
"264";"1969/01/16 00:00:00";"Feminino";"80";"4";"3";"0";"empresa";"1995,0";"2021-11-14";"A";"Inadimplente";"1";"17";"Sim";"595";"6";"0,2982456140350877"
"265";"1969/09/24 00:00:00";"Feminino";"80";"1";"3";"29";"empresa";"2340,0";"2021-11-14";"A";"Inadimplente";"1";"20";"Não";"700";"7";"0,2991452991452991"
"266";"1963/10/07 00:00:00";"Feminino";"80";"1";"0";"3";"empresa";"3450,0";"2021-11-14";"B";"Inadimplente";"1";"22";"Sim";"770";"7";"0,2231884057971014"
"267";"1969/08/24 00:00:00";"Feminino";"80";"1";"0";"16";"empresa";"1815,0";"2021-11-14";"A";"Inadimplente";"1";"27";"Sim";"945";"9";"0,5206611570247934"
"268";"1936/05/16 00:00:00";"Masculino";"80";"4";"0";"18";"Particular";"2235,0";"2021-11-14";"A";"Inadimplente";"1";"20";"Sim";"700";"7";"0,3131991051454139"
"269";"1966/03/17 00:00:00";"Masculino";"79";"2";"3";"6";"Particular";"4020,0";"2021-11-14";"B";"Inadimplente";"1";"17";"Não";"595";"6";"0,1480099502487562"
"270";"1947/10/29 00:00:00";"Masculino";"79";"4";"3";"10";"Particular";"2865,0";"2021-11-14";"A";"Inadimplente";"1";"25";"Não";"875";"8";"0,3054101221640489"
"271";"1963/08/24 00:00:00";"Masculino";"79";"3";"0";"21";"Particular";"2775,0";"2021-11-14";"A";"Inadimplente";"1";"20";"Não";"700";"7";"0,2522522522522522"
"272";"1964/06/17 00:00:00";"Masculino";"79";"1";"0";"43";"Particular";"6687,5";"2021-11-14";"C";"Inadimplente";"1";"18";"Não";"630";"6";"0,0942056074766355"
"273";"1939/11/12 00:00:00";"Masculino";"79";"1";"0";"22";"Particular";"3000,0";"2021-11-14";"A";"Inadimplente";"1";"18";"Não";"630";"6";"0,2100000000000000"
"274";"1964/08/04 00:00:00";"Masculino";"79";"1";"0";"3";"Particular";"8375,0";"2021-11-14";"D";"Inadimplente";"1";"20";"Sim";"700";"7";"0,0835820895522388"
"275";"1963/01/14 00:00:00";"Masculino";"79";"2";"4";"4";"Particular";"3390,0";"2021-11-14";"B";"Inadimplente";"1";"21";"Não";"735";"7";"0,2168141592920354"
"276";"1965/05/11 00:00:00";"Masculino";"79";"1";"0";"13";"Particular";"5650,0";"2021-11-14";"C";"Inadimplente";"1";"26";"Não";"910";"9";"0,1610619469026549"
"277";"1965/05/20 00:00:00";"Feminino";"79";"2";"6";"7";"empresa";"4300,0";"2021-11-14";"B";"Inadimplente";"1";"31";"Não";"1085";"10";"0,2523255813953488"
"278";"1943/06/12 00:00:00";"Feminino";"79";"1";"0";"11";"empresa";"2085,0";"2021-11-14";"A";"Inadimplente";"1";"15";"Não";"525";"5";"0,2517985611510791"
"279";"1969/04/16 00:00:00";"Feminino";"79";"2";"3";"7";"empresa";"2445,0";"2021-11-14";"A";"Inadimplente";"1";"23";"Não";"805";"8";"0,3292433537832311"
"280";"1969/10/20 00:00:00";"Feminino";"79";"3";"0";"26";"empresa";"2475,0";"2021-11-14";"A";"Inadimplente";"1";"20";"Não";"700";"7";"0,2828282828282828"
"281";"1945/02/18 00:00:00";"Masculino";"79";"3";"0";"0";"Particular";"3450,0";"2021-11-14";"B";"Inadimplente";"1";"24";"Não";"840";"8";"0,2434782608695652"
"282";"1963/09/15 00:00:00";"Masculino";"79";"1";"0";"1";"Particular";"2790,0";"2021-11-14";"A";"Inadimplente";"1";"15";"Sim";"525";"5";"0,1881720430107527"
"283";"1963/02/25 00:00:00";"Masculino";"78";"1";"0";"12";"Particular";"6812,5";"2021-11-14";"C";"Inadimplente";"1";"23";"Não";"805";"8";"0,1181651376146789"
"284";"1961/10/10 00:00:00";"Masculino";"78";"2";"3";"5";"Particular";"7350,0";"2021-11-14";"D";"Inadimplente";"1";"30";"Não";"1050";"10";"0,1428571428571428"
"285";"1930/05/28 00:00:00";"Masculino";"78";"2";"0";"15";"Particular";"3075,0";"2021-11-14";"B";"Inadimplente";"1";"22";"Não";"770";"7";"0,2504065040650407"
"286";"1958/03/07 00:00:00";"Masculino";"78";"3";"0";"15";"Particular";"4005,0";"2021-11-14";"B";"Inadimplente";"1";"17";"Não";"595";"6";"0,1485642946317104"
"287";"1965/01/18 00:00:00";"Masculino";"78";"3";"0";"4";"Particular";"4035,0";"2021-11-14";"B";"Inadimplente";"1";"23";"Não";"805";"8";"0,1995043370508054"
"288";"1955/01/22 00:00:00";"Masculino";"78";"2";"6";"1";"Particular";"3870,0";"2021-11-14";"B";"Inadimplente";"1";"17";"Não";"595";"6";"0,1537467700258398"
"289";"1964/10/27 00:00:00";"Masculino";"78";"1";"0";"18";"Particular";"6500,0";"2021-11-14";"C";"Inadimplente";"1";"26";"Não";"910";"9";"0,1400000000000000"
"290";"1954/04/05 00:00:00";"Masculino";"78";"3";"0";"27";"Particular";"5145,0";"2021-11-14";"C";"Inadimplente";"1";"20";"Não";"700";"7";"0,1360544217687075"
"291";"1934/09/23 00:00:00";"Masculino";"78";"3";"0";"7";"Particular";"3525,0";"2021-11-14";"B";"Inadimplente";"1";"26";"Não";"910";"9";"0,2581560283687943"
"292";"1963/05/07 00:00:00";"Masculino";"78";"1";"0";"9";"Particular";"2595,0";"2021-11-14";"A";"Inadimplente";"1";"14";"Não";"490";"5";"0,1888246628131021"
"293";"1965/09/19 00:00:00";"Masculino";"78";"1";"0";"13";"Particular";"2505,0";"2021-11-14";"A";"Inadimplente";"1";"28";"Não";"980";"9";"0,3912175648702595"
"294";"1968/10/10 00:00:00";"Masculino";"78";"2";"0";"1";"Particular";"2670,0";"2021-11-14";"A";"Inadimplente";"1";"14";"Não";"490";"5";"0,1835205992509363"
"295";"1932/08/20 00:00:00";"Masculino";"78";"4";"3";"29";"Particular";"2400,0";"2021-11-14";"A";"Inadimplente";"1";"23";"Não";"805";"8";"0,3354166666666666"
"296";"1964/02/12 00:00:00";"Masculino";"78";"1";"3";"0";"Particular";"2685,0";"2021-11-14";"A";"Inadimplente";"1";"17";"Não";"595";"6";"0,2216014897579143"
"297";"1942/04/16 00:00:00";"Feminino";"78";"1";"0";"28";"empresa";"2340,0";"2021-11-14";"A";"Inadimplente";"1";"21";"Não";"735";"7";"0,3141025641025641"
"298";"1966/08/24 00:00:00";"Feminino";"78";"1";"0";"15";"empresa";"2460,0";"2021-11-14";"A";"Inadimplente";"1";"27";"Não";"945";"9";"0,3841463414634146"
"299";"1965/05/11 00:00:00";"Feminino";"78";"4";"0";"19";"empresa";"3255,0";"2021-11-14";"B";"Inadimplente";"1";"27";"Não";"945";"9";"0,2903225806451613"
"300";"1960/05/26 00:00:00";"Masculino";"78";"2";"3";"7";"Particular";"2655,0";"2021-11-14";"A";"Inadimplente";"1";"24";"Não";"840";"8";"0,3163841807909605"
"301";"1968/08/04 00:00:00";"Masculino";"78";"4";"3";"7";"Particular";"3150,0";"2021-11-14";"B";"Inadimplente";"1";"24";"Não";"840";"8";"0,2666666666666667"
"302";"1939/09/28 00:00:00";"Masculino";"78";"3";"0";"38";"Particular";"2235,0";"2021-11-14";"A";"Inadimplente";"1";"21";"Não";"735";"7";"0,3288590604026846"
"303";"1938/02/10 00:00:00";"Masculino";"78";"1";"0";"24";"Particular";"3525,0";"2021-11-14";"B";"Inadimplente";"1";"32";"Não";"1120";"11";"0,3177304964539007"
"304";"1945/09/28 00:00:00";"Feminino";"78";"1";"0";"12";"empresa";"2580,0";"2021-11-14";"A";"Inadimplente";"1";"19";"Sim";"665";"6";"0,2577519379844961"
"305";"1941/10/25 00:00:00";"Masculino";"77";"1";"0";"16";"Particular";"3075,0";"2021-11-14";"B";"Inadimplente";"1";"25";"Não";"875";"8";"0,2845528455284553"
"306";"1966/04/05 00:00:00";"Masculino";"77";"2";"4";"2";"Particular";"3075,0";"2021-11-14";"B";"Inadimplente";"1";"16";"Não";"560";"5";"0,1821138211382114"
"307";"1945/07/24 00:00:00";"Masculino";"77";"1";"0";"21";"Particular";"5000,0";"2021-11-14";"B";"Inadimplente";"1";"25";"Não";"875";"8";"0,1750000000000000"
"308";"1963/02/01 00:00:00";"Masculino";"77";"2";"6";"3";"Particular";"3450,0";"2021-11-14";"B";"Inadimplente";"1";"20";"Não";"700";"7";"0,2028985507246377"
"309";"1964/07/19 00:00:00";"Masculino";"77";"1";"0";"1";"Particular";"2625,0";"2021-11-14";"A";"Inadimplente";"1";"21";"Sim";"735";"7";"0,2800000000000000"
"310";"1964/03/23 00:00:00";"Masculino";"77";"2";"3";"1";"Particular";"4487,5";"2021-11-14";"B";"Inadimplente";"1";"24";"Não";"840";"8";"0,1871866295264624"
"311";"1951/02/15 00:00:00";"Feminino";"77";"3";"0";"7";"empresa";"2250,0";"2021-11-14";"A";"Inadimplente";"1";"21";"Não";"735";"7";"0,3266666666666667"
"312";"1963/03/12 00:00:00";"Feminino";"77";"3";"0";"5";"empresa";"2565,0";"2021-11-14";"A";"Inadimplente";"1";"20";"Sim";"700";"7";"0,2729044834307992"
"313";"1969/10/25 00:00:00";"Feminino";"77";"1";"0";"12";"empresa";"2130,0";"2021-11-14";"A";"Inadimplente";"1";"25";"Não";"875";"8";"0,4107981220657277"
"314";"1966/11/24 00:00:00";"Feminino";"77";"1";"0";"10";"empresa";"2985,0";"2021-11-14";"A";"Inadimplente";"1";"19";"Não";"665";"6";"0,2227805695142379"
"315";"1969/09/19 00:00:00";"Feminino";"77";"2";"3";"4";"empresa";"3450,0";"2021-11-14";"B";"Inadimplente";"1";"19";"Sim";"665";"6";"0,1927536231884058"
"316";"1960/01/14 00:00:00";"Masculino";"77";"2";"0";"5";"Particular";"2775,0";"2021-11-14";"A";"Inadimplente";"1";"26";"Não";"910";"9";"0,3279279279279279"
"317";"1969/02/27 00:00:00";"Masculino";"77";"3";"0";"0";"Particular";"2775,0";"2021-11-14";"A";"Inadimplente";"1";"24";"Não";"840";"8";"0,3027027027027027"
"318";"1961/02/19 00:00:00";"Masculino";"76";"3";"0";"0";"Particular";"4875,0";"2021-11-14";"B";"Inadimplente";"1";"17";"Sim";"595";"6";"0,1220512820512820"
"319";"1966/03/02 00:00:00";"Masculino";"76";"2";"6";"27";"Particular";"4341,0";"2021-11-14";"B";"Inadimplente";"1";"20";"Não";"700";"7";"0,1612531674729325"
"320";"1936/11/10 00:00:00";"Masculino";"76";"1";"0";"23";"Particular";"2205,0";"2021-11-14";"A";"Inadimplente";"1";"22";"Sim";"770";"7";"0,3492063492063492"
"321";"1953/10/26 00:00:00";"Feminino";"76";"3";"0";"9";"empresa";"2205,0";"2021-11-14";"A";"Inadimplente";"1";"27";"Sim";"945";"9";"0,4285714285714285"
"322";"1938/03/02 00:00:00";"Feminino";"76";"3";"0";"46";"empresa";"2250,0";"2021-11-14";"A";"Inadimplente";"1";"20";"Sim";"700";"7";"0,3111111111111111"
"323";"1967/05/13 00:00:00";"Feminino";"76";"1";"0";"0";"empresa";"2550,0";"2021-11-14";"A";"Inadimplente";"1";"17";"Não";"595";"6";"0,2333333333333333"
"324";"1966/10/14 00:00:00";"Feminino";"76";"1";"0";"1";"empresa";"2916,0";"2021-11-14";"A";"Inadimplente";"1";"25";"Não";"875";"8";"0,3000685871056241"
"325";"1934/11/04 00:00:00";"Feminino";"76";"2";"0";"17";"empresa";"1680,0";"2021-11-14";"A";"Inadimplente";"1";"20";"Não";"700";"7";"0,4166666666666667"
"326";"1958/07/24 00:00:00";"Masculino";"76";"4";"3";"2";"Particular";"2955,0";"2021-11-14";"A";"Inadimplente";"1";"18";"Não";"630";"6";"0,2131979695431472"
"327";"1965/03/02 00:00:00";"Masculino";"76";"1";"3";"13";"Particular";"2670,0";"2021-11-14";"A";"Inadimplente";"1";"18";"Não";"630";"6";"0,2359550561797753"
"328";"1952/10/25 00:00:00";"Masculino";"75";"1";"0";"12";"Particular";"5500,0";"2021-11-14";"C";"Inadimplente";"1";"20";"Sim";"700";"7";"0,1272727272727273"
"329";"1958/08/24 00:00:00";"Masculino";"75";"1";"0";"37";"Particular";"6250,0";"2021-11-14";"C";"Inadimplente";"1";"21";"Não";"735";"7";"0,1176000000000000"
"330";"1959/05/09 00:00:00";"Masculino";"75";"4";"0";"3";"Particular";"2730,0";"2021-11-14";"A";"Inadimplente";"1";"26";"Não";"910";"9";"0,3333333333333333"
"331";"1942/02/04 00:00:00";"Feminino";"75";"2";"3";"4";"empresa";"2445,0";"2021-11-14";"A";"Inadimplente";"1";"31";"Não";"1085";"10";"0,4437627811860941"
"332";"1964/05/10 00:00:00";"Feminino";"75";"4";"3";"2";"empresa";"3300,0";"2021-11-14";"B";"Inadimplente";"1";"15";"Não";"525";"5";"0,1590909090909091"
"333";"1965/01/26 00:00:00";"Feminino";"75";"3";"0";"23";"empresa";"3705,0";"2021-11-14";"B";"Inadimplente";"1";"23";"Não";"805";"8";"0,2172739541160594"
"334";"1966/05/09 00:00:00";"Feminino";"75";"1";"0";"0";"empresa";"2445,0";"2021-11-14";"A";"Inadimplente";"1";"20";"Não";"700";"7";"0,2862985685071575"
"335";"1930/02/26 00:00:00";"Masculino";"74";"1";"0";"2";"Particular";"3195,0";"2021-11-14";"B";"Inadimplente";"1";"24";"Não";"840";"8";"0,2629107981220657"
"336";"1964/01/10 00:00:00";"Masculino";"74";"1";"0";"19";"Particular";"4725,0";"2021-11-14";"B";"Inadimplente";"1";"15";"Sim";"525";"5";"0,1111111111111111"
"337";"1970/01/27 00:00:00";"Feminino";"74";"2";"4";"35";"empresa";"2610,0";"2021-11-14";"A";"Inadimplente";"1";"23";"Não";"805";"8";"0,3084291187739464"
"338";"1938/08/12 00:00:00";"Feminino";"74";"1";"0";"8";"empresa";"1590,0";"2021-11-14";"A";"Inadimplente";"1";"30";"Não";"1050";"10";"0,6603773584905660"
"339";"1942/11/07 00:00:00";"Feminino";"74";"2";"6";"15";"empresa";"2370,0";"2021-11-14";"A";"Inadimplente";"1";"22";"Não";"770";"7";"0,3248945147679325"
"340";"1934/05/06 00:00:00";"Feminino";"74";"1";"0";"15";"empresa";"2175,0";"2021-11-14";"A";"Inadimplente";"1";"17";"Não";"595";"6";"0,2735632183908046"
"341";"1945/01/20 00:00:00";"Masculino";"74";"2";"3";"23";"Particular";"5940,0";"2021-11-14";"C";"Inadimplente";"1";"23";"Não";"805";"8";"0,1355218855218855"
"342";"1948/06/01 00:00:00";"Feminino";"74";"3";"0";"2";"empresa";"2445,0";"2021-11-14";"A";"Inadimplente";"1";"17";"Não";"595";"6";"0,2433537832310838"
"343";"1953/06/09 00:00:00";"Masculino";"73";"3";"0";"24";"Particular";"10350,0";"2021-11-14";"D";"Inadimplente";"1";"26";"Não";"910";"9";"0,0879227053140097"
"344";"1963/10/13 00:00:00";"Masculino";"73";"1";"0";"5";"Particular";"3570,0";"2021-11-14";"B";"Inadimplente";"1";"20";"Não";"700";"7";"0,1960784313725490"
"345";"1969/05/05 00:00:00";"Feminino";"73";"1";"0";"25";"empresa";"2220,0";"2021-11-14";"A";"Inadimplente";"1";"26";"Não";"910";"9";"0,4099099099099099"
"346";"1968/08/16 00:00:00";"Feminino";"73";"2";"3";"0";"empresa";"2295,0";"2021-11-14";"A";"Inadimplente";"1";"14";"Não";"490";"5";"0,2135076252723312"
"347";"1944/08/10 00:00:00";"Feminino";"73";"2";"0";"2";"empresa";"2310,0";"2021-11-14";"A";"Inadimplente";"1";"28";"Não";"980";"9";"0,4242424242424243"
"348";"1962/06/11 00:00:00";"Feminino";"73";"3";"0";"4";"empresa";"5675,0";"2021-11-14";"C";"Inadimplente";"1";"14";"Não";"490";"5";"0,0863436123348018"
"349";"1938/03/22 00:00:00";"Feminino";"73";"3";"0";"0";"empresa";"2910,0";"2021-11-14";"A";"Inadimplente";"1";"23";"Não";"805";"8";"0,2766323024054983"
"350";"1939/04/21 00:00:00";"Feminino";"73";"2";"6";"14";"empresa";"3765,0";"2021-11-14";"B";"Inadimplente";"1";"17";"Não";"595";"6";"0,1580345285524568"
"351";"1966/01/27 00:00:00";"Feminino";"73";"1";"0";"17";"empresa";"2790,0";"2021-11-14";"A";"Inadimplente";"1";"21";"Não";"735";"7";"0,2634408602150538"
"352";"1933/11/26 00:00:00";"Feminino";"73";"3";"0";"5";"empresa";"2115,0";"2021-11-14";"A";"Inadimplente";"1";"27";"Não";"945";"9";"0,4468085106382979"
"353";"1955/03/10 00:00:00";"Masculino";"73";"3";"0";"7";"Particular";"3120,0";"2021-11-14";"B";"Inadimplente";"1";"27";"Não";"945";"9";"0,3028846153846154"
"354";"1946/05/08 00:00:00";"Feminino";"73";"1";"0";"1";"empresa";"2055,0";"2021-11-14";"A";"Inadimplente";"1";"24";"Não";"840";"8";"0,4087591240875912"
"355";"1961/05/19 00:00:00";"Masculino";"72";"1";"0";"23";"Particular";"2595,0";"2021-11-14";"A";"Inadimplente";"1";"24";"Não";"840";"8";"0,3236994219653179"
"356";"1965/11/10 00:00:00";"Masculino";"72";"2";"0";"6";"Particular";"2835,0";"2021-11-14";"A";"Inadimplente";"1";"21";"Não";"735";"7";"0,2592592592592592"
"357";"1932/01/18 00:00:00";"Feminino";"72";"4";"3";"6";"empresa";"1770,0";"2021-11-14";"A";"Inadimplente";"1";"32";"Não";"1120";"11";"0,6327683615819210"
"358";"1944/04/11 00:00:00";"Feminino";"72";"1";"3";"22";"empresa";"2355,0";"2021-11-14";"A";"Inadimplente";"1";"19";"Sim";"665";"6";"0,2823779193205945"
"359";"1941/06/12 00:00:00";"Feminino";"72";"1";"0";"15";"empresa";"1995,0";"2021-11-14";"A";"Inadimplente";"1";"25";"Não";"875";"8";"0,4385964912280702"
"360";"1968/08/11 00:00:00";"Feminino";"72";"1";"0";"3";"empresa";"2940,0";"2021-11-14";"A";"Inadimplente";"1";"16";"Não";"560";"5";"0,1904761904761905"
"361";"1966/06/09 00:00:00";"Feminino";"72";"4";"0";"4";"empresa";"2880,0";"2021-11-14";"A";"Inadimplente";"1";"25";"Não";"875";"8";"0,3038194444444444"
"362";"1937/04/08 00:00:00";"Feminino";"72";"2";"3";"29";"empresa";"1695,0";"2021-11-14";"A";"Inadimplente";"1";"20";"Não";"700";"7";"0,4129793510324484"
"363";"1954/06/03 00:00:00";"Masculino";"72";"4";"3";"5";"Particular";"3570,0";"2021-11-14";"B";"Inadimplente";"1";"21";"Sim";"735";"7";"0,2058823529411765"
"364";"1947/03/26 00:00:00";"Feminino";"72";"3";"0";"21";"empresa";"1740,0";"2021-11-14";"A";"Inadimplente";"1";"24";"Não";"840";"8";"0,4827586206896552"
"365";"1948/10/16 00:00:00";"Feminino";"72";"1";"0";"43";"empresa";"2145,0";"2021-11-14";"A";"Inadimplente";"1";"21";"Não";"735";"7";"0,3426573426573427"
"366";"1961/03/21 00:00:00";"Feminino";"72";"1";"0";"12";"empresa";"2475,0";"2021-11-14";"A";"Inadimplente";"1";"20";"Sim";"700";"7";"0,2828282828282828"
"367";"1942/05/22 00:00:00";"Feminino";"72";"1";"0";"8";"empresa";"1695,0";"2021-11-14";"A";"Inadimplente";"1";"25";"Não";"875";"8";"0,5162241887905604"
"368";"1943/07/20 00:00:00";"Feminino";"72";"2";"4";"20";"empresa";"2610,0";"2021-11-14";"A";"Inadimplente";"1";"19";"Não";"665";"6";"0,2547892720306513"
"369";"1967/11/14 00:00:00";"Masculino";"71";"1";"0";"12";"Particular";"2805,0";"2021-11-14";"A";"Inadimplente";"1";"19";"Sim";"665";"6";"0,2370766488413547"
"370";"1963/01/20 00:00:00";"Feminino";"71";"2";"6";"3";"empresa";"3660,0";"2021-11-14";"B";"Inadimplente";"1";"26";"Não";"910";"9";"0,2486338797814208"
"371";"1966/04/05 00:00:00";"Feminino";"71";"1";"0";"2";"empresa";"5812,5";"2021-11-14";"C";"Inadimplente";"1";"24";"Não";"840";"8";"0,1445161290322581"
"372";"1935/08/22 00:00:00";"Masculino";"70";"2";"3";"5";"Particular";"2130,0";"2021-11-14";"A";"Inadimplente";"1";"17";"Sim";"595";"6";"0,2793427230046948"
"373";"1949/10/29 00:00:00";"Masculino";"70";"3";"0";"9";"Particular";"2250,0";"2021-11-14";"A";"Inadimplente";"1";"20";"Não";"700";"7";"0,3111111111111111"
"374";"1967/07/26 00:00:00";"Masculino";"70";"3";"0";"21";"Particular";"2940,0";"2021-11-14";"A";"Inadimplente";"1";"22";"Sim";"770";"7";"0,2619047619047619"
"375";"1966/10/08 00:00:00";"Masculino";"70";"1";"0";"1";"Particular";"2745,0";"2021-11-14";"A";"Inadimplente";"1";"27";"Sim";"945";"9";"0,3442622950819672"
"376";"1964/10/09 00:00:00";"Masculino";"70";"1";"0";"24";"Particular";"2985,0";"2021-11-14";"A";"Inadimplente";"1";"20";"Sim";"700";"7";"0,2345058626465662"
"377";"1965/11/29 00:00:00";"Masculino";"70";"2";"3";"8";"Particular";"2535,0";"2021-11-14";"A";"Inadimplente";"1";"17";"Não";"595";"6";"0,2347140039447732"
"378";"1930/09/21 00:00:00";"Feminino";"70";"2";"0";"31";"empresa";"1575,0";"2021-11-14";"A";"Inadimplente";"1";"25";"Não";"875";"8";"0,5555555555555556"
"379";"1938/05/12 00:00:00";"Feminino";"70";"3";"0";"5";"empresa";"1965,0";"2021-11-14";"A";"Inadimplente";"1";"20";"Não";"700";"7";"0,3562340966921120"
"380";"1941/02/22 00:00:00";"Feminino";"70";"3";"0";"18";"empresa";"2100,0";"2021-11-14";"A";"Inadimplente";"1";"18";"Não";"630";"6";"0,3000000000000000"
"381";"1946/07/15 00:00:00";"Masculino";"70";"2";"6";"1";"Particular";"2700,0";"2021-11-14";"A";"Inadimplente";"1";"18";"Não";"630";"6";"0,2333333333333333"
"382";"1959/10/20 00:00:00";"Masculino";"70";"1";"0";"6";"Particular";"2400,0";"2021-11-14";"A";"Inadimplente";"1";"20";"Sim";"700";"7";"0,2916666666666667"
"383";"1961/06/03 00:00:00";"Masculino";"70";"3";"0";"10";"Particular";"7850,0";"2021-11-14";"D";"Inadimplente";"1";"21";"Não";"735";"7";"0,0936305732484076"
"384";"1955/11/11 00:00:00";"Feminino";"70";"3";"0";"6";"empresa";"2085,0";"2021-11-14";"A";"Inadimplente";"1";"26";"Não";"910";"9";"0,4364508393285372"
"385";"1930/10/01 00:00:00";"Masculino";"69";"1";"0";"18";"Particular";"3000,0";"2021-11-14";"A";"Inadimplente";"1";"31";"Não";"1085";"10";"0,3616666666666667"
"386";"1934/08/18 00:00:00";"Masculino";"69";"1";"0";"34";"Particular";"2850,0";"2021-11-14";"A";"Inadimplente";"1";"15";"Não";"525";"5";"0,1842105263157895"
"387";"1965/02/03 00:00:00";"Masculino";"69";"2";"0";"15";"Particular";"6500,0";"2021-11-14";"C";"Inadimplente";"1";"23";"Não";"805";"8";"0,1238461538461538"
"388";"1959/01/02 00:00:00";"Masculino";"69";"4";"3";"24";"Particular";"3015,0";"2021-11-14";"B";"Inadimplente";"1";"20";"Não";"700";"7";"0,2321724709784411"
"389";"1959/04/15 00:00:00";"Masculino";"69";"1";"3";"7";"Particular";"6687,5";"2021-11-14";"C";"Inadimplente";"1";"24";"Não";"840";"8";"0,1256074766355140"
"390";"1968/11/09 00:00:00";"Feminino";"69";"1";"0";"10";"empresa";"2415,0";"2021-11-14";"A";"Inadimplente";"1";"15";"Sim";"525";"5";"0,2173913043478261"
"391";"1969/01/12 00:00:00";"Feminino";"69";"1";"0";"2";"empresa";"2445,0";"2021-11-14";"A";"Inadimplente";"1";"23";"Não";"805";"8";"0,3292433537832311"
"392";"1970/05/12 00:00:00";"Feminino";"69";"4";"0";"18";"empresa";"2160,0";"2021-11-14";"A";"Inadimplente";"1";"30";"Não";"1050";"10";"0,4861111111111111"
"393";"1969/06/24 00:00:00";"Feminino";"69";"2";"3";"12";"empresa";"2790,0";"2021-11-14";"A";"Inadimplente";"1";"22";"Não";"770";"7";"0,2759856630824373"
"394";"1970/02/04 00:00:00";"Feminino";"69";"4";"3";"12";"empresa";"2910,0";"2021-11-14";"A";"Inadimplente";"1";"17";"Não";"595";"6";"0,2044673539518900"
"395";"1970/03/09 00:00:00";"Feminino";"69";"3";"0";"22";"empresa";"2265,0";"2021-11-14";"A";"Inadimplente";"1";"23";"Não";"805";"8";"0,3554083885209713"
"396";"1970/08/17 00:00:00";"Feminino";"69";"1";"0";"34";"empresa";"2085,0";"2021-11-14";"A";"Inadimplente";"1";"17";"Não";"595";"6";"0,2853717026378897"
"397";"1970/01/17 00:00:00";"Feminino";"69";"1";"0";"19";"empresa";"2295,0";"2021-11-14";"A";"Inadimplente";"1";"26";"Não";"910";"9";"0,3965141612200436"
"398";"1970/11/21 00:00:00";"Feminino";"69";"1";"0";"4";"empresa";"3060,0";"2021-11-14";"B";"Inadimplente";"1";"20";"Não";"700";"7";"0,2287581699346405"
"399";"1970/02/06 00:00:00";"Feminino";"69";"2";"4";"0";"empresa";"2040,0";"2021-11-14";"A";"Inadimplente";"1";"26";"Não";"910";"9";"0,4460784313725490"
"400";"1969/08/06 00:00:00";"Feminino";"69";"1";"0";"18";"empresa";"2385,0";"2021-11-14";"A";"Inadimplente";"1";"14";"Não";"490";"5";"0,2054507337526205"
"401";"1970/03/14 00:00:00";"Feminino";"69";"2";"6";"5";"empresa";"2280,0";"2021-11-14";"A";"Inadimplente";"1";"28";"Não";"980";"9";"0,4298245614035088"
"402";"1970/02/07 00:00:00";"Feminino";"69";"1";"0";"0";"empresa";"2070,0";"2021-11-14";"A";"Inadimplente";"1";"14";"Não";"490";"5";"0,2367149758454106"
"403";"1970/04/28 00:00:00";"Feminino";"69";"2";"3";"16";"empresa";"2130,0";"2021-11-14";"A";"Inadimplente";"1";"23";"Não";"805";"8";"0,3779342723004695"
"404";"1953/05/01 00:00:00";"Feminino";"69";"3";"0";"3";"empresa";"2430,0";"2021-11-14";"A";"Inadimplente";"1";"17";"Não";"595";"6";"0,2448559670781893"
"405";"1944/07/12 00:00:00";"Feminino";"69";"3";"0";"4";"empresa";"1965,0";"2021-11-14";"A";"Inadimplente";"1";"21";"Não";"735";"7";"0,3740458015267176"
"406";"1965/10/05 00:00:00";"Masculino";"68";"1";"0";"28";"Particular";"6000,0";"2021-11-14";"C";"Inadimplente";"1";"27";"Não";"945";"9";"0,1575000000000000"
"407";"1965/09/06 00:00:00";"Masculino";"68";"1";"0";"20";"Particular";"3030,0";"2021-11-14";"B";"Inadimplente";"1";"27";"Não";"945";"9";"0,3118811881188119"
"408";"1964/02/12 00:00:00";"Masculino";"68";"2";"3";"29";"Particular";"6125,0";"2021-11-14";"C";"Inadimplente";"1";"24";"Não";"840";"8";"0,1371428571428571"
"409";"1962/11/21 00:00:00";"Masculino";"68";"2";"0";"35";"Particular";"3600,0";"2021-11-14";"B";"Inadimplente";"1";"24";"Não";"840";"8";"0,2333333333333333"
"410";"1942/01/09 00:00:00";"Feminino";"68";"3";"0";"16";"empresa";"2520,0";"2021-11-14";"A";"Inadimplente";"1";"21";"Não";"735";"7";"0,2916666666666667"
"411";"1931/08/21 00:00:00";"Feminino";"68";"3";"0";"6";"empresa";"1620,0";"2021-11-14";"A";"Inadimplente";"1";"32";"Não";"1120";"11";"0,6913580246913580"
"412";"1970/06/16 00:00:00";"Feminino";"68";"2";"6";"7";"empresa";"2280,0";"2021-11-14";"A";"Inadimplente";"1";"19";"Sim";"665";"6";"0,2916666666666667"
"413";"1966/03/13 00:00:00";"Feminino";"68";"1";"0";"8";"empresa";"4350,0";"2021-11-14";"B";"Inadimplente";"1";"25";"Não";"875";"8";"0,2011494252873563"
"414";"1961/01/08 00:00:00";"Masculino";"68";"3";"0";"10";"Particular";"3030,0";"2021-11-14";"B";"Inadimplente";"1";"16";"Não";"560";"5";"0,1848184818481848"
"415";"1963/05/02 00:00:00";"Masculino";"68";"3";"0";"34";"Particular";"3195,0";"2021-11-14";"B";"Inadimplente";"1";"25";"Não";"875";"8";"0,2738654147104851"
"416";"1965/01/16 00:00:00";"Masculino";"67";"1";"0";"28";"Particular";"3525,0";"2021-11-14";"B";"Inadimplente";"1";"20";"Não";"700";"7";"0,1985815602836880"
"417";"1967/07/22 00:00:00";"Masculino";"67";"1";"0";"2";"Particular";"3780,0";"2021-11-14";"B";"Inadimplente";"1";"21";"Sim";"735";"7";"0,1944444444444444"
"418";"1965/06/05 00:00:00";"Masculino";"67";"2";"0";"5";"Particular";"3120,0";"2021-11-14";"B";"Inadimplente";"1";"24";"Não";"840";"8";"0,2692307692307692"
"419";"1964/10/20 00:00:00";"Masculino";"67";"4";"3";"0";"Particular";"2940,0";"2021-11-14";"A";"Inadimplente";"1";"21";"Não";"735";"7";"0,2500000000000000"
"420";"1957/07/16 00:00:00";"Masculino";"67";"1";"3";"13";"Particular";"7000,0";"2021-11-14";"C";"Inadimplente";"1";"20";"Sim";"700";"7";"0,1000000000000000"
"421";"1961/11/01 00:00:00";"Masculino";"67";"1";"0";"2";"Particular";"3390,0";"2021-11-14";"B";"Inadimplente";"1";"25";"Não";"875";"8";"0,2581120943952802"
"422";"1963/07/20 00:00:00";"Masculino";"67";"1";"0";"15";"Particular";"2715,0";"2021-11-14";"A";"Inadimplente";"1";"19";"Não";"665";"6";"0,2449355432780847"
"423";"1936/04/26 00:00:00";"Feminino";"67";"4";"0";"15";"empresa";"2220,0";"2021-11-14";"A";"Inadimplente";"1";"19";"Sim";"665";"6";"0,2995495495495495"
"424";"1966/07/06 00:00:00";"Feminino";"67";"2";"3";"1";"empresa";"3135,0";"2021-11-14";"B";"Inadimplente";"1";"26";"Não";"910";"9";"0,2902711323763955"
"425";"1942/01/26 00:00:00";"Feminino";"67";"4";"3";"8";"empresa";"2085,0";"2021-11-14";"A";"Inadimplente";"1";"24";"Não";"840";"8";"0,4028776978417266"
"426";"1952/10/27 00:00:00";"Masculino";"67";"3";"0";"16";"Particular";"3330,0";"2021-11-14";"B";"Inadimplente";"1";"17";"Sim";"595";"6";"0,1786786786786787"
"427";"1942/04/21 00:00:00";"Masculino";"67";"1";"0";"12";"Particular";"2625,0";"2021-11-14";"A";"Inadimplente";"1";"20";"Não";"700";"7";"0,2666666666666667"
"428";"1964/02/28 00:00:00";"Masculino";"67";"1";"0";"12";"Particular";"3195,0";"2021-11-14";"B";"Inadimplente";"1";"22";"Sim";"770";"7";"0,2410015649452269"
"429";"1946/08/13 00:00:00";"Masculino";"67";"1";"0";"0";"Particular";"3000,0";"2021-11-14";"A";"Inadimplente";"1";"27";"Sim";"945";"9";"0,3150000000000000"
"430";"1956/04/29 00:00:00";"Masculino";"67";"2";"4";"12";"Particular";"6625,0";"2021-11-14";"C";"Inadimplente";"1";"20";"Sim";"700";"7";"0,1056603773584906"
"431";"1959/01/15 00:00:00";"Masculino";"66";"1";"0";"5";"Particular";"8625,0";"2021-11-14";"D";"Inadimplente";"1";"17";"Não";"595";"6";"0,0689855072463768"
"432";"1964/03/12 00:00:00";"Masculino";"66";"2";"6";"2";"Particular";"3075,0";"2021-11-14";"B";"Inadimplente";"1";"25";"Não";"875";"8";"0,2845528455284553"
"433";"1966/11/15 00:00:00";"Masculino";"66";"1";"0";"30";"Particular";"3354,0";"2021-11-14";"B";"Inadimplente";"1";"20";"Não";"700";"7";"0,2087060226595110"
"435";"1964/05/24 00:00:00";"Masculino";"66";"3";"0";"2";"Particular";"4035,0";"2021-11-14";"B";"Inadimplente";"1";"18";"Não";"630";"6";"0,1561338289962825"
"436";"1965/05/27 00:00:00";"Masculino";"66";"3";"0";"7";"Particular";"3027,0";"2021-11-14";"B";"Inadimplente";"1";"20";"Sim";"700";"7";"0,2312520647505781"
"437";"1933/09/04 00:00:00";"Masculino";"66";"1";"0";"5";"Particular";"2625,0";"2021-11-14";"A";"Inadimplente";"1";"21";"Não";"735";"7";"0,2800000000000000"
"438";"1964/10/11 00:00:00";"Masculino";"66";"1";"0";"0";"Particular";"3240,0";"2021-11-14";"B";"Inadimplente";"1";"26";"Não";"910";"9";"0,2808641975308642"
"439";"1970/06/25 00:00:00";"Feminino";"66";"2";"3";"7";"empresa";"2040,0";"2021-11-14";"A";"Inadimplente";"1";"31";"Não";"1085";"10";"0,5318627450980392"
"440";"1947/11/10 00:00:00";"Feminino";"66";"2";"0";"28";"empresa";"2415,0";"2021-11-14";"A";"Inadimplente";"1";"15";"Não";"525";"5";"0,2173913043478261"
"441";"1949/08/02 00:00:00";"Feminino";"66";"3";"0";"0";"empresa";"2385,0";"2021-11-14";"A";"Inadimplente";"1";"23";"Não";"805";"8";"0,3375262054507338"
"442";"1968/09/18 00:00:00";"Feminino";"66";"3";"0";"2";"empresa";"2970,0";"2021-11-14";"A";"Inadimplente";"1";"20";"Não";"700";"7";"0,2356902356902357"
"443";"1929/02/10 00:00:00";"Feminino";"66";"2";"6";"6";"empresa";"2160,0";"2021-11-14";"A";"Inadimplente";"1";"24";"Não";"840";"8";"0,3888888888888889"
"444";"1961/09/16 00:00:00";"Feminino";"66";"1";"0";"10";"empresa";"2445,0";"2021-11-14";"A";"Inadimplente";"1";"15";"Sim";"525";"5";"0,2147239263803681"
"445";"1963/08/04 00:00:00";"Masculino";"66";"3";"0";"29";"Particular";"2805,0";"2021-11-14";"A";"Inadimplente";"1";"23";"Não";"805";"8";"0,2869875222816399"
"446";"1958/08/03 00:00:00";"Masculino";"66";"3";"0";"20";"Particular";"10000,0";"2021-11-14";"D";"Inadimplente";"1";"30";"Não";"1050";"10";"0,1050000000000000"
"447";"1961/07/02 00:00:00";"Masculino";"66";"1";"0";"29";"Particular";"4900,0";"2021-11-14";"B";"Inadimplente";"1";"22";"Não";"770";"7";"0,1571428571428571"
"448";"1933/06/05 00:00:00";"Feminino";"66";"1";"0";"9";"empresa";"1635,0";"2021-11-14";"A";"Inadimplente";"1";"17";"Não";"595";"6";"0,3639143730886850"
"449";"1966/01/02 00:00:00";"Masculino";"65";"2";"0";"10";"Particular";"7000,0";"2021-11-14";"C";"Inadimplente";"1";"23";"Não";"805";"8";"0,1150000000000000"
"450";"1954/07/21 00:00:00";"Masculino";"65";"4";"3";"12";"Particular";"5500,0";"2021-11-14";"C";"Inadimplente";"1";"17";"Não";"595";"6";"0,1081818181818182"
"451";"1969/07/19 00:00:00";"Masculino";"65";"1";"3";"5";"Particular";"2850,0";"2021-11-14";"A";"Inadimplente";"1";"26";"Não";"910";"9";"0,3192982456140351"
"452";"1953/08/13 00:00:00";"Masculino";"65";"1";"0";"17";"Particular";"2880,0";"2021-11-14";"A";"Inadimplente";"1";"20";"Não";"700";"7";"0,2430555555555556"
"453";"1930/08/07 00:00:00";"Masculino";"65";"1";"0";"14";"Particular";"2445,0";"2021-11-14";"A";"Inadimplente";"1";"26";"Não";"910";"9";"0,3721881390593047"
"454";"1965/07/28 00:00:00";"Masculino";"65";"4";"0";"3";"Particular";"9062,5";"2021-11-14";"D";"Inadimplente";"1";"14";"Não";"490";"5";"0,0540689655172414"
"455";"1964/01/17 00:00:00";"Masculino";"65";"2";"3";"12";"Particular";"4365,0";"2021-11-14";"B";"Inadimplente";"1";"28";"Não";"980";"9";"0,2245131729667812"
"456";"1959/10/17 00:00:00";"Masculino";"65";"4";"3";"9";"Particular";"7500,0";"2021-11-14";"D";"Inadimplente";"1";"14";"Não";"490";"5";"0,0653333333333333"
"457";"1968/05/27 00:00:00";"Masculino";"65";"3";"0";"0";"Particular";"3165,0";"2021-11-14";"B";"Inadimplente";"1";"23";"Não";"805";"8";"0,2543443917851501"
"458";"1965/07/06 00:00:00";"Masculino";"65";"1";"0";"1";"Particular";"6187,5";"2021-11-14";"C";"Inadimplente";"1";"17";"Não";"595";"6";"0,0961616161616162"
"459";"1971/02/10 00:00:00";"Feminino";"65";"1";"0";"24";"empresa";"2175,0";"2021-11-14";"A";"Inadimplente";"1";"21";"Não";"735";"7";"0,3379310344827586"
"460";"1969/08/12 00:00:00";"Feminino";"65";"1";"0";"8";"empresa";"2250,0";"2021-11-14";"A";"Inadimplente";"1";"27";"Não";"945";"9";"0,4200000000000000"
"461";"1943/11/08 00:00:00";"Feminino";"65";"2";"4";"8";"empresa";"2160,0";"2021-11-14";"A";"Inadimplente";"1";"27";"Não";"945";"9";"0,4375000000000000"
"462";"1963/10/18 00:00:00";"Feminino";"65";"1";"0";"9";"empresa";"3441,0";"2021-11-14";"B";"Inadimplente";"1";"24";"Não";"840";"8";"0,2441150828247602"
"463";"1934/10/15 00:00:00";"Feminino";"65";"2";"6";"3";"empresa";"2070,0";"2021-11-14";"A";"Inadimplente";"1";"24";"Não";"840";"8";"0,4057971014492754"
"464";"1962/03/20 00:00:00";"Masculino";"64";"1";"0";"17";"Particular";"4755,0";"2021-11-14";"B";"Inadimplente";"1";"21";"Não";"735";"7";"0,1545741324921136"
"465";"1962/07/20 00:00:00";"Masculino";"64";"2";"3";"0";"Particular";"3390,0";"2021-11-14";"B";"Inadimplente";"1";"32";"Não";"1120";"11";"0,3303834808259587"
"466";"1948/06/15 00:00:00";"Feminino";"64";"3";"0";"26";"empresa";"2340,0";"2021-11-14";"A";"Inadimplente";"1";"19";"Sim";"665";"6";"0,2841880341880342"
"467";"1967/08/18 00:00:00";"Feminino";"64";"3";"0";"15";"empresa";"3285,0";"2021-11-14";"B";"Inadimplente";"1";"25";"Não";"875";"8";"0,2663622526636225"
"468";"1965/11/28 00:00:00";"Feminino";"64";"1";"0";"19";"empresa";"5575,0";"2021-11-14";"C";"Inadimplente";"1";"16";"Não";"560";"5";"0,1004484304932735"
"469";"1964/06/01 00:00:00";"Feminino";"64";"1";"0";"9";"empresa";"2520,0";"2021-11-14";"A";"Inadimplente";"1";"25";"Não";"875";"8";"0,3472222222222222"
"470";"1964/01/22 00:00:00";"Masculino";"64";"2";"3";"2";"Particular";"2625,0";"2021-11-14";"A";"Inadimplente";"1";"20";"Não";"700";"7";"0,2666666666666667"
"471";"1966/08/03 00:00:00";"Masculino";"64";"2";"0";"4";"Particular";"2640,0";"2021-11-14";"A";"Inadimplente";"1";"21";"Sim";"735";"7";"0,2784090909090909"
"472";"1966/02/21 00:00:00";"Masculino";"63";"3";"0";"9";"Particular";"3915,0";"2021-11-14";"B";"Inadimplente";"1";"24";"Não";"840";"8";"0,2145593869731801"
"473";"1937/11/25 00:00:00";"Feminino";"63";"3";"0";"29";"empresa";"2145,0";"2021-11-14";"A";"Inadimplente";"1";"21";"Não";"735";"7";"0,3426573426573427"
"474";"1968/11/05 00:00:00";"Feminino";"63";"2";"6";"12";"empresa";"2940,0";"2021-11-14";"A";"Inadimplente";"1";"20";"Sim";"700";"7";"0,2380952380952381"
